filename,filepath,song_label,participant_id,recording_type,take_number,sample_rate,num_channels,duration_seconds
S100_hum_2_Married.wav,data/MLEndHWII_sample_800/S100_hum_2_Married.wav,Married,S100,hum,2,44100,1,24.099433106575965
S100_whistle_2_Friend.wav,data/MLEndHWII_sample_800/S100_whistle_2_Friend.wav,Friend,S100,whistle,2,44100,1,25.200770975056688
S100_whistle_2_Happy.wav,data/MLEndHWII_sample_800/S100_whistle_2_Happy.wav,Happy,S100,whistle,2,44100,1,22.28546485260771
S100_whistle_2_RememberMe.wav,data/MLEndHWII_sample_800/S100_whistle_2_RememberMe.wav,RememberMe,S100,whistle,2,44100,1,22.544603174603175
S101_hum_1_Married.wav,data/MLEndHWII_sample_800/S101_hum_1_Married.wav,Married,S101,hum,1,44100,1,16.884126984126983
S101_hum_1_TryEverything.wav,data/MLEndHWII_sample_800/S101_hum_1_TryEverything.wav,TryEverything,S101,hum,1,44100,1,15.767369614512472
S101_hum_2_Friend.wav,data/MLEndHWII_sample_800/S101_hum_2_Friend.wav,Friend,S101,hum,2,44100,1,17.343968253968253
S101_hum_2_NewYork.wav,data/MLEndHWII_sample_800/S101_hum_2_NewYork.wav,NewYork,S101,hum,2,44100,1,17.343968253968253
S102_hum_2_Feeling.wav,data/MLEndHWII_sample_800/S102_hum_2_Feeling.wav,Feeling,S102,hum,2,44100,2,16.99700680272109
S102_hum_3_Happy.wav,data/MLEndHWII_sample_800/S102_hum_3_Happy.wav,Happy,S102,hum,3,44100,2,19.82984126984127
S102_hum_4_Necessities.wav,data/MLEndHWII_sample_800/S102_hum_4_Necessities.wav,Necessities,S102,hum,4,44100,2,17.39174603174603
S102_hum_4_RememberMe.wav,data/MLEndHWII_sample_800/S102_hum_4_RememberMe.wav,RememberMe,S102,hum,4,44100,2,18.808163265306124
S103_hum_1_Necessities.wav,data/MLEndHWII_sample_800/S103_hum_1_Necessities.wav,Necessities,S103,hum,1,44100,2,25.774761904761906
S103_hum_3_RememberMe.wav,data/MLEndHWII_sample_800/S103_hum_3_RememberMe.wav,RememberMe,S103,hum,3,44100,2,35.65775510204082
S103_hum_4_Friend.wav,data/MLEndHWII_sample_800/S103_hum_4_Friend.wav,Friend,S103,hum,4,44100,2,32.33439909297052
S103_hum_4_Happy.wav,data/MLEndHWII_sample_800/S103_hum_4_Happy.wav,Happy,S103,hum,4,44100,2,25.19426303854875
S104_hum_1_Feeling.wav,data/MLEndHWII_sample_800/S104_hum_1_Feeling.wav,Feeling,S104,hum,1,44100,2,35.74482993197279
S104_hum_2_NewYork.wav,data/MLEndHWII_sample_800/S104_hum_2_NewYork.wav,NewYork,S104,hum,2,44100,2,19.113537414965986
S104_whistle_1_Married.wav,data/MLEndHWII_sample_800/S104_whistle_1_Married.wav,Married,S104,whistle,1,44100,2,29.70764172335601
S104_whistle_2_Necessities.wav,data/MLEndHWII_sample_800/S104_whistle_2_Necessities.wav,Necessities,S104,whistle,2,44100,2,30.476802721088436
S105_hum_2_Feeling.wav,data/MLEndHWII_sample_800/S105_hum_2_Feeling.wav,Feeling,S105,hum,2,44100,2,19.33122448979592
S105_whistle_2_Married.wav,data/MLEndHWII_sample_800/S105_whistle_2_Married.wav,Married,S105,whistle,2,44100,2,17.79809523809524
S105_whistle_2_Necessities.wav,data/MLEndHWII_sample_800/S105_whistle_2_Necessities.wav,Necessities,S105,whistle,2,44100,2,18.738503401360543
S105_whistle_2_RememberMe.wav,data/MLEndHWII_sample_800/S105_whistle_2_RememberMe.wav,RememberMe,S105,whistle,2,44100,2,19.21451247165533
S106_hum_2_Married.wav,data/MLEndHWII_sample_800/S106_hum_2_Married.wav,Married,S106,hum,2,44100,2,18.736213151927437
S106_hum_2_RememberMe.wav,data/MLEndHWII_sample_800/S106_hum_2_RememberMe.wav,RememberMe,S106,hum,2,44100,2,23.7575283446712
S106_whistle_1_TryEverything.wav,data/MLEndHWII_sample_800/S106_whistle_1_TryEverything.wav,TryEverything,S106,whistle,1,44100,2,17.967052154195013
S106_whistle_2_Friend.wav,data/MLEndHWII_sample_800/S106_whistle_2_Friend.wav,Friend,S106,whistle,2,44100,2,17.86546485260771
S106_whistle_2_Necessities.wav,data/MLEndHWII_sample_800/S106_whistle_2_Necessities.wav,Necessities,S106,whistle,2,44100,2,17.74936507936508
S107_hum_2_Happy.wav,data/MLEndHWII_sample_800/S107_hum_2_Happy.wav,Happy,S107,hum,2,44100,2,27.02283446712018
S107_whistle_1_NewYork.wav,data/MLEndHWII_sample_800/S107_whistle_1_NewYork.wav,NewYork,S107,whistle,1,44100,2,23.40922902494331
S107_whistle_1_TryEverything.wav,data/MLEndHWII_sample_800/S107_whistle_1_TryEverything.wav,TryEverything,S107,whistle,1,44100,2,24.49766439909297
S107_whistle_2_Friend.wav,data/MLEndHWII_sample_800/S107_whistle_2_Friend.wav,Friend,S107,whistle,2,44100,2,23.235079365079365
S108_whistle_1_Feeling.wav,data/MLEndHWII_sample_800/S108_whistle_1_Feeling.wav,Feeling,S108,whistle,1,44100,2,19.969773242630385
S108_whistle_1_NewYork.wav,data/MLEndHWII_sample_800/S108_whistle_1_NewYork.wav,NewYork,S108,whistle,1,44100,2,16.718367346938777
S108_whistle_1_RememberMe.wav,data/MLEndHWII_sample_800/S108_whistle_1_RememberMe.wav,RememberMe,S108,whistle,1,44100,2,19.694036281179137
S108_whistle_2_Happy.wav,data/MLEndHWII_sample_800/S108_whistle_2_Happy.wav,Happy,S108,whistle,2,44100,2,20.318072562358278
S109_hum_1_Married.wav,data/MLEndHWII_sample_800/S109_hum_1_Married.wav,Married,S109,hum,1,44100,2,20.826009070294784
S109_hum_1_Necessities.wav,data/MLEndHWII_sample_800/S109_hum_1_Necessities.wav,Necessities,S109,hum,1,44100,2,21.304920634920634
S109_hum_1_TryEverything.wav,data/MLEndHWII_sample_800/S109_hum_1_TryEverything.wav,TryEverything,S109,hum,1,44100,2,17.415578231292518
S109_hum_2_Feeling.wav,data/MLEndHWII_sample_800/S109_hum_2_Feeling.wav,Feeling,S109,hum,2,44100,2,17.821927437641722
S109_hum_2_RememberMe.wav,data/MLEndHWII_sample_800/S109_hum_2_RememberMe.wav,RememberMe,S109,hum,2,44100,2,22.770680272108844
S10_whistle_1_Feeling.wav,data/MLEndHWII_sample_800/S10_whistle_1_Feeling.wav,Feeling,S10,whistle,1,44100,2,29.9653514739229
S10_whistle_1_NewYork.wav,data/MLEndHWII_sample_800/S10_whistle_1_NewYork.wav,NewYork,S10,whistle,1,44100,2,17.003424036281178
S10_whistle_1_RememberMe.wav,data/MLEndHWII_sample_800/S10_whistle_1_RememberMe.wav,RememberMe,S10,whistle,1,44100,2,19.961065759637187
S10_whistle_1_TryEverything.wav,data/MLEndHWII_sample_800/S10_whistle_1_TryEverything.wav,TryEverything,S10,whistle,1,44100,2,20.448684807256235
S10_whistle_2_Friend.wav,data/MLEndHWII_sample_800/S10_whistle_2_Friend.wav,Friend,S10,whistle,2,44100,2,22.77877551020408
S110_hum_1_Necessities.wav,data/MLEndHWII_sample_800/S110_hum_1_Necessities.wav,Necessities,S110,hum,1,44100,2,25.692879818594104
S110_whistle_1_Happy.wav,data/MLEndHWII_sample_800/S110_whistle_1_Happy.wav,Happy,S110,whistle,1,44100,2,17.832925170068027
S110_whistle_2_Friend.wav,data/MLEndHWII_sample_800/S110_whistle_2_Friend.wav,Friend,S110,whistle,2,44100,2,21.82736961451247
S110_whistle_2_RememberMe.wav,data/MLEndHWII_sample_800/S110_whistle_2_RememberMe.wav,RememberMe,S110,whistle,2,44100,2,22.593015873015872
S111_hum_1_RememberMe.wav,data/MLEndHWII_sample_800/S111_hum_1_RememberMe.wav,RememberMe,S111,hum,1,44100,2,37.74755102040816
S111_hum_2_Happy.wav,data/MLEndHWII_sample_800/S111_hum_2_Happy.wav,Happy,S111,hum,2,44100,2,27.42918367346939
S111_whistle_2_Friend.wav,data/MLEndHWII_sample_800/S111_whistle_2_Friend.wav,Friend,S111,whistle,2,44100,2,35.62873015873016
S111_whistle_2_Married.wav,data/MLEndHWII_sample_800/S111_whistle_2_Married.wav,Married,S111,whistle,2,44100,2,29.61705215419501
S111_whistle_2_TryEverything.wav,data/MLEndHWII_sample_800/S111_whistle_2_TryEverything.wav,TryEverything,S111,whistle,2,44100,2,36.484965986394556
S112_hum_2_Feeling.wav,data/MLEndHWII_sample_800/S112_hum_2_Feeling.wav,Feeling,S112,hum,2,44100,2,18.721700680272107
S112_whistle_2_Happy.wav,data/MLEndHWII_sample_800/S112_whistle_2_Happy.wav,Happy,S112,whistle,2,44100,2,17.676802721088436
S112_whistle_2_Necessities.wav,data/MLEndHWII_sample_800/S112_whistle_2_Necessities.wav,Necessities,S112,whistle,2,44100,2,18.300839002267573
S112_whistle_2_RememberMe.wav,data/MLEndHWII_sample_800/S112_whistle_2_RememberMe.wav,RememberMe,S112,whistle,2,44100,2,19.215124716553287
S113_hum_1_Happy.wav,data/MLEndHWII_sample_800/S113_hum_1_Happy.wav,Happy,S113,hum,1,44100,2,19.99238095238095
S113_hum_2_Friend.wav,data/MLEndHWII_sample_800/S113_hum_2_Friend.wav,Friend,S113,hum,2,44100,2,19.934331065759636
S113_whistle_1_Married.wav,data/MLEndHWII_sample_800/S113_whistle_1_Married.wav,Married,S113,whistle,1,44100,2,19.99238095238095
S113_whistle_2_TryEverything.wav,data/MLEndHWII_sample_800/S113_whistle_2_TryEverything.wav,TryEverything,S113,whistle,2,44100,2,19.934308390022675
S114_whistle_1_Feeling.wav,data/MLEndHWII_sample_800/S114_whistle_1_Feeling.wav,Feeling,S114,whistle,1,44100,1,19.39106575963719
S114_whistle_1_Friend.wav,data/MLEndHWII_sample_800/S114_whistle_1_Friend.wav,Friend,S114,whistle,1,44100,1,18.768526077097505
S114_whistle_1_NewYork.wav,data/MLEndHWII_sample_800/S114_whistle_1_NewYork.wav,NewYork,S114,whistle,1,44100,1,19.079795918367346
S114_whistle_2_Necessities.wav,data/MLEndHWII_sample_800/S114_whistle_2_Necessities.wav,Necessities,S114,whistle,2,44100,1,16.10049886621315
S114_whistle_2_TryEverything.wav,data/MLEndHWII_sample_800/S114_whistle_2_TryEverything.wav,TryEverything,S114,whistle,2,44100,1,19.39106575963719
S115_hum_2_Happy.wav,data/MLEndHWII_sample_800/S115_hum_2_Happy.wav,Happy,S115,hum,2,44100,1,13.604331065759638
S115_whistle_1_Necessities.wav,data/MLEndHWII_sample_800/S115_whistle_1_Necessities.wav,Necessities,S115,whistle,1,44100,1,21.378480725623582
S115_whistle_1_RememberMe.wav,data/MLEndHWII_sample_800/S115_whistle_1_RememberMe.wav,RememberMe,S115,whistle,1,44100,1,29.865260770975055
S115_whistle_1_TryEverything.wav,data/MLEndHWII_sample_800/S115_whistle_1_TryEverything.wav,TryEverything,S115,whistle,1,44100,1,23.12766439909297
S115_whistle_2_Feeling.wav,data/MLEndHWII_sample_800/S115_whistle_2_Feeling.wav,Feeling,S115,whistle,2,44100,1,23.386802721088436
S116_hum_2_Friend.wav,data/MLEndHWII_sample_800/S116_hum_2_Friend.wav,Friend,S116,hum,2,44100,1,15.429659863945579
S116_hum_2_Married.wav,data/MLEndHWII_sample_800/S116_hum_2_Married.wav,Married,S116,hum,2,44100,1,16.30174603174603
S116_whistle_1_RememberMe.wav,data/MLEndHWII_sample_800/S116_whistle_1_RememberMe.wav,RememberMe,S116,whistle,1,44100,1,18.032947845804987
S116_whistle_2_Necessities.wav,data/MLEndHWII_sample_800/S116_whistle_2_Necessities.wav,Necessities,S116,whistle,2,44100,1,16.71253968253968
S117_hum_1_Friend.wav,data/MLEndHWII_sample_800/S117_hum_1_Friend.wav,Friend,S117,hum,1,44100,1,18.171655328798185
S117_hum_2_NewYork.wav,data/MLEndHWII_sample_800/S117_hum_2_NewYork.wav,NewYork,S117,hum,2,44100,1,16.982199546485262
S117_whistle_1_Necessities.wav,data/MLEndHWII_sample_800/S117_whistle_1_Necessities.wav,Necessities,S117,whistle,1,48000,1,17.25733333333333
S117_whistle_2_Happy.wav,data/MLEndHWII_sample_800/S117_whistle_2_Happy.wav,Happy,S117,whistle,2,48000,1,19.988
S118_hum_2_RememberMe.wav,data/MLEndHWII_sample_800/S118_hum_2_RememberMe.wav,RememberMe,S118,hum,2,44100,2,17.020204081632652
S118_whistle_1_Necessities.wav,data/MLEndHWII_sample_800/S118_whistle_1_Necessities.wav,Necessities,S118,whistle,1,44100,2,16.776394557823128
S118_whistle_2_Friend.wav,data/MLEndHWII_sample_800/S118_whistle_2_Friend.wav,Friend,S118,whistle,2,44100,2,20.224557823129253
S118_whistle_2_Happy.wav,data/MLEndHWII_sample_800/S118_whistle_2_Happy.wav,Happy,S118,whistle,2,44100,2,16.451315192743763
S118_whistle_2_TryEverything.wav,data/MLEndHWII_sample_800/S118_whistle_2_TryEverything.wav,TryEverything,S118,whistle,2,44100,2,18.94748299319728
S119_hum_1_Feeling.wav,data/MLEndHWII_sample_800/S119_hum_1_Feeling.wav,Feeling,S119,hum,1,44100,2,20.62283446712018
S119_whistle_1_Happy.wav,data/MLEndHWII_sample_800/S119_whistle_1_Happy.wav,Happy,S119,whistle,1,44100,2,26.05049886621315
S119_whistle_2_Necessities.wav,data/MLEndHWII_sample_800/S119_whistle_2_Necessities.wav,Necessities,S119,whistle,2,44100,2,28.96750566893424
S119_whistle_2_NewYork.wav,data/MLEndHWII_sample_800/S119_whistle_2_NewYork.wav,NewYork,S119,whistle,2,44100,2,15.717619047619047
S119_whistle_2_TryEverything.wav,data/MLEndHWII_sample_800/S119_whistle_2_TryEverything.wav,TryEverything,S119,whistle,2,44100,2,15.587006802721088
S11_hum_2_Friend.wav,data/MLEndHWII_sample_800/S11_hum_2_Friend.wav,Friend,S11,hum,2,44100,2,17.51716553287982
S11_hum_2_NewYork.wav,data/MLEndHWII_sample_800/S11_hum_2_NewYork.wav,NewYork,S11,hum,2,44100,2,19.096122448979592
S11_whistle_1_Married.wav,data/MLEndHWII_sample_800/S11_whistle_1_Married.wav,Married,S11,whistle,1,44100,2,16.123968253968254
S11_whistle_2_Necessities.wav,data/MLEndHWII_sample_800/S11_whistle_2_Necessities.wav,Necessities,S11,whistle,2,44100,2,18.445963718820863
S120_hum_1_Happy.wav,data/MLEndHWII_sample_800/S120_hum_1_Happy.wav,Happy,S120,hum,1,44100,1,19.833083900226757
S120_hum_1_TryEverything.wav,data/MLEndHWII_sample_800/S120_hum_1_TryEverything.wav,TryEverything,S120,hum,1,44100,1,19.89952380952381
S120_hum_2_Friend.wav,data/MLEndHWII_sample_800/S120_hum_2_Friend.wav,Friend,S120,hum,2,44100,1,19.957551020408165
S120_hum_4_Necessities.wav,data/MLEndHWII_sample_800/S120_hum_4_Necessities.wav,Necessities,S120,hum,4,44100,1,17.65877551020408
S121_hum_1_Necessities.wav,data/MLEndHWII_sample_800/S121_hum_1_Necessities.wav,Necessities,S121,hum,1,44100,1,17.48873015873016
S121_whistle_1_Feeling.wav,data/MLEndHWII_sample_800/S121_whistle_1_Feeling.wav,Feeling,S121,whistle,1,44100,1,19.144625850340137
S121_whistle_1_Happy.wav,data/MLEndHWII_sample_800/S121_whistle_1_Happy.wav,Happy,S121,whistle,1,44100,1,24.671201814058957
S121_whistle_1_NewYork.wav,data/MLEndHWII_sample_800/S121_whistle_1_NewYork.wav,NewYork,S121,whistle,1,44100,1,18.548503401360545
S122_whistle_1_Feeling.wav,data/MLEndHWII_sample_800/S122_whistle_1_Feeling.wav,Feeling,S122,whistle,1,44100,1,18.234920634920634
S122_whistle_1_Happy.wav,data/MLEndHWII_sample_800/S122_whistle_1_Happy.wav,Happy,S122,whistle,1,44100,1,20.02718820861678
S122_whistle_1_RememberMe.wav,data/MLEndHWII_sample_800/S122_whistle_1_RememberMe.wav,RememberMe,S122,whistle,1,44100,1,15.986938775510204
S122_whistle_2_NewYork.wav,data/MLEndHWII_sample_800/S122_whistle_2_NewYork.wav,NewYork,S122,whistle,2,44100,1,16.63410430839002
S123_whistle_1_Friend.wav,data/MLEndHWII_sample_800/S123_whistle_1_Friend.wav,Friend,S123,whistle,1,48000,1,21.461333333333332
S123_whistle_1_RememberMe.wav,data/MLEndHWII_sample_800/S123_whistle_1_RememberMe.wav,RememberMe,S123,whistle,1,48000,1,24.3535
S123_whistle_2_Feeling.wav,data/MLEndHWII_sample_800/S123_whistle_2_Feeling.wav,Feeling,S123,whistle,2,48000,1,18.901333333333334
S123_whistle_2_Married.wav,data/MLEndHWII_sample_800/S123_whistle_2_Married.wav,Married,S123,whistle,2,48000,1,18.517333333333333
S124_hum_1_Necessities.wav,data/MLEndHWII_sample_800/S124_hum_1_Necessities.wav,Necessities,S124,hum,1,48000,1,18.048
S124_whistle_1_Feeling.wav,data/MLEndHWII_sample_800/S124_whistle_1_Feeling.wav,Feeling,S124,whistle,1,48000,1,19.861333333333334
S124_whistle_1_NewYork.wav,data/MLEndHWII_sample_800/S124_whistle_1_NewYork.wav,NewYork,S124,whistle,1,48000,1,19.733333333333334
S124_whistle_2_Happy.wav,data/MLEndHWII_sample_800/S124_whistle_2_Happy.wav,Happy,S124,whistle,2,48000,1,19.093333333333334
S125_hum_1_Feeling.wav,data/MLEndHWII_sample_800/S125_hum_1_Feeling.wav,Feeling,S125,hum,1,44100,1,23.062879818594105
S125_hum_1_RememberMe.wav,data/MLEndHWII_sample_800/S125_hum_1_RememberMe.wav,RememberMe,S125,hum,1,44100,1,21.05455782312925
S125_hum_3_Friend.wav,data/MLEndHWII_sample_800/S125_hum_3_Friend.wav,Friend,S125,hum,3,44100,1,21.831972789115646
S125_hum_4_NewYork.wav,data/MLEndHWII_sample_800/S125_hum_4_NewYork.wav,NewYork,S125,hum,4,44100,1,18.916666666666668
S126_hum_2_Happy.wav,data/MLEndHWII_sample_800/S126_hum_2_Happy.wav,Happy,S126,hum,2,44100,1,24.03263038548753
S126_hum_3_NewYork.wav,data/MLEndHWII_sample_800/S126_hum_3_NewYork.wav,NewYork,S126,hum,3,44100,1,19.124263038548754
S126_hum_3_TryEverything.wav,data/MLEndHWII_sample_800/S126_hum_3_TryEverything.wav,TryEverything,S126,hum,3,44100,1,34.15414965986395
S126_hum_4_Feeling.wav,data/MLEndHWII_sample_800/S126_hum_4_Feeling.wav,Feeling,S126,hum,4,44100,1,24.46031746031746
S127_whistle_1_Friend.wav,data/MLEndHWII_sample_800/S127_whistle_1_Friend.wav,Friend,S127,whistle,1,44100,2,34.27907029478458
S127_whistle_1_Necessities.wav,data/MLEndHWII_sample_800/S127_whistle_1_Necessities.wav,Necessities,S127,whistle,1,44100,2,26.62167800453515
S127_whistle_1_RememberMe.wav,data/MLEndHWII_sample_800/S127_whistle_1_RememberMe.wav,RememberMe,S127,whistle,1,44100,2,37.73242630385487
S127_whistle_1_TryEverything.wav,data/MLEndHWII_sample_800/S127_whistle_1_TryEverything.wav,TryEverything,S127,whistle,1,44100,2,33.85820861678005
S127_whistle_2_Feeling.wav,data/MLEndHWII_sample_800/S127_whistle_2_Feeling.wav,Feeling,S127,whistle,2,44100,2,36.02056689342404
S128_hum_1_Feeling.wav,data/MLEndHWII_sample_800/S128_hum_1_Feeling.wav,Feeling,S128,hum,1,44100,2,17.386553287981858
S128_hum_1_Married.wav,data/MLEndHWII_sample_800/S128_hum_1_Married.wav,Married,S128,hum,1,44100,2,17.50265306122449
S128_hum_2_Necessities.wav,data/MLEndHWII_sample_800/S128_hum_2_Necessities.wav,Necessities,S128,hum,2,44100,2,16.57385487528345
S128_hum_2_RememberMe.wav,data/MLEndHWII_sample_800/S128_hum_2_RememberMe.wav,RememberMe,S128,hum,2,44100,2,16.515804988662133
S129_hum_1_Happy.wav,data/MLEndHWII_sample_800/S129_hum_1_Happy.wav,Happy,S129,hum,1,44100,1,21.05455782312925
S129_hum_3_Necessities.wav,data/MLEndHWII_sample_800/S129_hum_3_Necessities.wav,Necessities,S129,hum,3,44100,1,30.12439909297052
S129_hum_4_Friend.wav,data/MLEndHWII_sample_800/S129_hum_4_Friend.wav,Friend,S129,hum,4,44100,1,30.31875283446712
S129_hum_4_TryEverything.wav,data/MLEndHWII_sample_800/S129_hum_4_TryEverything.wav,TryEverything,S129,hum,4,44100,1,34.33539682539683
S12_hum_1_Happy.wav,data/MLEndHWII_sample_800/S12_hum_1_Happy.wav,Happy,S12,hum,1,44100,1,25.459909297052153
S12_hum_2_Married.wav,data/MLEndHWII_sample_800/S12_hum_2_Married.wav,Married,S12,hum,2,44100,1,28.569569160997734
S12_hum_2_TryEverything.wav,data/MLEndHWII_sample_800/S12_hum_2_TryEverything.wav,TryEverything,S12,hum,2,44100,1,28.893492063492065
S12_hum_3_Friend.wav,data/MLEndHWII_sample_800/S12_hum_3_Friend.wav,Friend,S12,hum,3,44100,1,31.87358276643991
S12_hum_3_RememberMe.wav,data/MLEndHWII_sample_800/S12_hum_3_RememberMe.wav,RememberMe,S12,hum,3,44100,1,35.63108843537415
S130_whistle_1_Married.wav,data/MLEndHWII_sample_800/S130_whistle_1_Married.wav,Married,S130,whistle,1,44100,2,16.518707482993197
S130_whistle_1_Necessities.wav,data/MLEndHWII_sample_800/S130_whistle_1_Necessities.wav,Necessities,S130,whistle,1,44100,2,17.31047619047619
S130_whistle_2_Feeling.wav,data/MLEndHWII_sample_800/S130_whistle_2_Feeling.wav,Feeling,S130,whistle,2,44100,2,17.937414965986395
S130_whistle_2_RememberMe.wav,data/MLEndHWII_sample_800/S130_whistle_2_RememberMe.wav,RememberMe,S130,whistle,2,44100,2,20.027210884353742
S131_whistle_2_Friend.wav,data/MLEndHWII_sample_800/S131_whistle_2_Friend.wav,Friend,S131,whistle,2,44100,2,23.031904761904762
S131_whistle_2_Happy.wav,data/MLEndHWII_sample_800/S131_whistle_2_Happy.wav,Happy,S131,whistle,2,44100,2,21.232358276643993
S131_whistle_2_Married.wav,data/MLEndHWII_sample_800/S131_whistle_2_Married.wav,Married,S131,whistle,2,44100,2,21.667732426303854
S131_whistle_2_TryEverything.wav,data/MLEndHWII_sample_800/S131_whistle_2_TryEverything.wav,TryEverything,S131,whistle,2,44100,2,22.08859410430839
S132_hum_2_RememberMe.wav,data/MLEndHWII_sample_800/S132_hum_2_RememberMe.wav,RememberMe,S132,hum,2,44100,1,27.458208616780045
S132_hum_2_TryEverything.wav,data/MLEndHWII_sample_800/S132_hum_2_TryEverything.wav,TryEverything,S132,hum,2,44100,1,26.268185941043082
S132_whistle_2_Feeling.wav,data/MLEndHWII_sample_800/S132_whistle_2_Feeling.wav,Feeling,S132,whistle,2,44100,1,20.260022675736963
S132_whistle_2_Married.wav,data/MLEndHWII_sample_800/S132_whistle_2_Married.wav,Married,S132,whistle,2,44100,1,17.401065759637188
S132_whistle_2_Necessities.wav,data/MLEndHWII_sample_800/S132_whistle_2_Necessities.wav,Necessities,S132,whistle,2,44100,1,21.029183673469387
S133_whistle_1_Happy.wav,data/MLEndHWII_sample_800/S133_whistle_1_Happy.wav,Happy,S133,whistle,1,44100,1,26.48278911564626
S133_whistle_1_NewYork.wav,data/MLEndHWII_sample_800/S133_whistle_1_NewYork.wav,NewYork,S133,whistle,1,44100,1,17.93469387755102
S133_whistle_2_Friend.wav,data/MLEndHWII_sample_800/S133_whistle_2_Friend.wav,Friend,S133,whistle,2,44100,1,32.925442176870746
S133_whistle_2_RememberMe.wav,data/MLEndHWII_sample_800/S133_whistle_2_RememberMe.wav,RememberMe,S133,whistle,2,44100,1,35.91517006802721
S134_whistle_1_NewYork.wav,data/MLEndHWII_sample_800/S134_whistle_1_NewYork.wav,NewYork,S134,whistle,1,44100,1,21.00761904761905
S134_whistle_1_RememberMe.wav,data/MLEndHWII_sample_800/S134_whistle_1_RememberMe.wav,RememberMe,S134,whistle,1,44100,1,21.0737641723356
S134_whistle_2_Feeling.wav,data/MLEndHWII_sample_800/S134_whistle_2_Feeling.wav,Feeling,S134,whistle,2,44100,1,22.059092970521544
S134_whistle_2_Happy.wav,data/MLEndHWII_sample_800/S134_whistle_2_Happy.wav,Happy,S134,whistle,2,44100,1,20.004648526077098
S135_whistle_1_Friend.wav,data/MLEndHWII_sample_800/S135_whistle_1_Friend.wav,Friend,S135,whistle,1,48000,1,20.88533333333333
S135_whistle_1_Necessities.wav,data/MLEndHWII_sample_800/S135_whistle_1_Necessities.wav,Necessities,S135,whistle,1,48000,1,18.026666666666667
S135_whistle_2_Married.wav,data/MLEndHWII_sample_800/S135_whistle_2_Married.wav,Married,S135,whistle,2,48000,1,21.056
S135_whistle_2_TryEverything.wav,data/MLEndHWII_sample_800/S135_whistle_2_TryEverything.wav,TryEverything,S135,whistle,2,48000,1,20.544
S136_hum_1_RememberMe.wav,data/MLEndHWII_sample_800/S136_hum_1_RememberMe.wav,RememberMe,S136,hum,1,44100,2,19.258662131519273
S136_hum_2_Married.wav,data/MLEndHWII_sample_800/S136_hum_2_Married.wav,Married,S136,hum,2,44100,2,19.287687074829932
S136_whistle_1_Necessities.wav,data/MLEndHWII_sample_800/S136_whistle_1_Necessities.wav,Necessities,S136,whistle,1,44100,2,21.072721088435372
S136_whistle_2_Friend.wav,data/MLEndHWII_sample_800/S136_whistle_2_Friend.wav,Friend,S136,whistle,2,44100,2,21.406507936507936
S137_hum_1_Friend.wav,data/MLEndHWII_sample_800/S137_hum_1_Friend.wav,Friend,S137,hum,1,44100,2,17.096303854875284
S137_hum_2_Happy.wav,data/MLEndHWII_sample_800/S137_hum_2_Happy.wav,Happy,S137,hum,2,44100,2,17.401065759637188
S137_hum_4_Married.wav,data/MLEndHWII_sample_800/S137_hum_4_Married.wav,Married,S137,hum,4,44100,2,16.57385487528345
S137_hum_4_TryEverything.wav,data/MLEndHWII_sample_800/S137_hum_4_TryEverything.wav,TryEverything,S137,hum,4,44100,2,16.094943310657598
S138_hum_2_Feeling.wav,data/MLEndHWII_sample_800/S138_hum_2_Feeling.wav,Feeling,S138,hum,2,44100,2,36.10764172335601
S138_hum_2_Necessities.wav,data/MLEndHWII_sample_800/S138_hum_2_Necessities.wav,Necessities,S138,hum,2,44100,2,23.133492063492064
S138_hum_2_NewYork.wav,data/MLEndHWII_sample_800/S138_hum_2_NewYork.wav,NewYork,S138,hum,2,44100,2,17.197891156462585
S138_hum_4_Married.wav,data/MLEndHWII_sample_800/S138_hum_4_Married.wav,Married,S138,hum,4,44100,2,29.489954648526076
S139_whistle_1_Married.wav,data/MLEndHWII_sample_800/S139_whistle_1_Married.wav,Married,S139,whistle,1,44100,2,28.038095238095238
S139_whistle_1_NewYork.wav,data/MLEndHWII_sample_800/S139_whistle_1_NewYork.wav,NewYork,S139,whistle,1,44100,2,16.718367346938777
S139_whistle_2_Feeling.wav,data/MLEndHWII_sample_800/S139_whistle_2_Feeling.wav,Feeling,S139,whistle,2,44100,2,33.66893424036281
S139_whistle_2_Necessities.wav,data/MLEndHWII_sample_800/S139_whistle_2_Necessities.wav,Necessities,S139,whistle,2,44100,2,26.644897959183673
S13_hum_1_Necessities.wav,data/MLEndHWII_sample_800/S13_hum_1_Necessities.wav,Necessities,S13,hum,1,44100,1,29.88530612244898
S13_hum_4_Feeling.wav,data/MLEndHWII_sample_800/S13_hum_4_Feeling.wav,Feeling,S13,hum,4,44100,1,36.91111111111111
S13_hum_4_Happy.wav,data/MLEndHWII_sample_800/S13_hum_4_Happy.wav,Happy,S13,hum,4,44100,1,28.81809523809524
S13_hum_4_NewYork.wav,data/MLEndHWII_sample_800/S13_hum_4_NewYork.wav,NewYork,S13,hum,4,44100,1,18.19045351473923
S140_hum_1_Happy.wav,data/MLEndHWII_sample_800/S140_hum_1_Happy.wav,Happy,S140,hum,1,44100,2,20.44517006802721
S140_hum_1_Necessities.wav,data/MLEndHWII_sample_800/S140_hum_1_Necessities.wav,Necessities,S140,hum,1,44100,2,28.92800453514739
S141_whistle_1_NewYork.wav,data/MLEndHWII_sample_800/S141_whistle_1_NewYork.wav,NewYork,S141,whistle,1,44100,1,16.880907029478458
S141_whistle_2_Feeling.wav,data/MLEndHWII_sample_800/S141_whistle_2_Feeling.wav,Feeling,S141,whistle,2,44100,1,21.139478458049886
S141_whistle_2_Happy.wav,data/MLEndHWII_sample_800/S141_whistle_2_Happy.wav,Happy,S141,whistle,2,44100,1,25.089160997732428
S141_whistle_2_RememberMe.wav,data/MLEndHWII_sample_800/S141_whistle_2_RememberMe.wav,RememberMe,S141,whistle,2,44100,1,24.204512471655327
S142_hum_1_Necessities.wav,data/MLEndHWII_sample_800/S142_hum_1_Necessities.wav,Necessities,S142,hum,1,44100,2,17.61206349206349
S142_hum_1_TryEverything.wav,data/MLEndHWII_sample_800/S142_hum_1_TryEverything.wav,TryEverything,S142,hum,1,44100,2,15.610702947845805
S142_whistle_2_Feeling.wav,data/MLEndHWII_sample_800/S142_whistle_2_Feeling.wav,Feeling,S142,whistle,2,44100,2,18.100226757369615
S142_whistle_2_Happy.wav,data/MLEndHWII_sample_800/S142_whistle_2_Happy.wav,Happy,S142,whistle,2,44100,2,17.85612244897959
S143_hum_1_Friend.wav,data/MLEndHWII_sample_800/S143_hum_1_Friend.wav,Friend,S143,hum,1,44100,1,29.40578231292517
S143_hum_1_RememberMe.wav,data/MLEndHWII_sample_800/S143_hum_1_RememberMe.wav,RememberMe,S143,hum,1,44100,1,30.24170068027211
S143_hum_2_Feeling.wav,data/MLEndHWII_sample_800/S143_hum_2_Feeling.wav,Feeling,S143,hum,2,44100,1,32.37793650793651
S143_hum_2_Married.wav,data/MLEndHWII_sample_800/S143_hum_2_Married.wav,Married,S143,hum,2,44100,1,32.563696145124716
S144_hum_2_NewYork.wav,data/MLEndHWII_sample_800/S144_hum_2_NewYork.wav,NewYork,S144,hum,2,44100,1,17.025079365079364
S144_whistle_1_Feeling.wav,data/MLEndHWII_sample_800/S144_whistle_1_Feeling.wav,Feeling,S144,whistle,1,44100,1,21.7940589569161
S144_whistle_1_Happy.wav,data/MLEndHWII_sample_800/S144_whistle_1_Happy.wav,Happy,S144,whistle,1,44100,1,18.08485260770975
S144_whistle_1_TryEverything.wav,data/MLEndHWII_sample_800/S144_whistle_1_TryEverything.wav,TryEverything,S144,whistle,1,44100,1,16.42895691609977
S145_whistle_1_Friend.wav,data/MLEndHWII_sample_800/S145_whistle_1_Friend.wav,Friend,S145,whistle,1,44100,1,17.438185941043084
S145_whistle_1_Married.wav,data/MLEndHWII_sample_800/S145_whistle_1_Married.wav,Married,S145,whistle,1,44100,1,16.34684807256236
S145_whistle_1_NewYork.wav,data/MLEndHWII_sample_800/S145_whistle_1_NewYork.wav,NewYork,S145,whistle,1,44100,1,16.497777777777777
S145_whistle_2_Necessities.wav,data/MLEndHWII_sample_800/S145_whistle_2_Necessities.wav,Necessities,S145,whistle,2,44100,1,17.449795918367347
S146_hum_1_Feeling.wav,data/MLEndHWII_sample_800/S146_hum_1_Feeling.wav,Feeling,S146,hum,1,44100,2,22.024104308390022
S146_hum_1_Friend.wav,data/MLEndHWII_sample_800/S146_hum_1_Friend.wav,Friend,S146,hum,1,44100,2,18.854580498866213
S146_hum_1_TryEverything.wav,data/MLEndHWII_sample_800/S146_hum_1_TryEverything.wav,TryEverything,S146,hum,1,44100,2,20.58448979591837
S146_whistle_1_RememberMe.wav,data/MLEndHWII_sample_800/S146_whistle_1_RememberMe.wav,RememberMe,S146,whistle,1,44100,2,18.04190476190476
S146_whistle_2_Married.wav,data/MLEndHWII_sample_800/S146_whistle_2_Married.wav,Married,S146,whistle,2,44100,2,17.647165532879818
S147_hum_2_Friend.wav,data/MLEndHWII_sample_800/S147_hum_2_Friend.wav,Friend,S147,hum,2,44100,1,16.645691609977323
S147_whistle_1_Happy.wav,data/MLEndHWII_sample_800/S147_whistle_1_Happy.wav,Happy,S147,whistle,1,44100,1,15.820657596371882
S147_whistle_2_Necessities.wav,data/MLEndHWII_sample_800/S147_whistle_2_Necessities.wav,Necessities,S147,whistle,2,44100,1,17.88324263038549
S147_whistle_2_NewYork.wav,data/MLEndHWII_sample_800/S147_whistle_2_NewYork.wav,NewYork,S147,whistle,2,44100,1,18.364512471655328
S148_hum_2_Married.wav,data/MLEndHWII_sample_800/S148_hum_2_Married.wav,Married,S148,hum,2,44100,1,16.64920634920635
S148_whistle_1_Feeling.wav,data/MLEndHWII_sample_800/S148_whistle_1_Feeling.wav,Feeling,S148,whistle,1,44100,1,16.908344671201814
S148_whistle_1_TryEverything.wav,data/MLEndHWII_sample_800/S148_whistle_1_TryEverything.wav,TryEverything,S148,whistle,1,44100,1,17.620975056689343
S148_whistle_2_Happy.wav,data/MLEndHWII_sample_800/S148_whistle_2_Happy.wav,Happy,S148,whistle,2,44100,1,17.556190476190476
S149_hum_1_Feeling.wav,data/MLEndHWII_sample_800/S149_hum_1_Feeling.wav,Feeling,S149,hum,1,44100,2,19.05548752834467
S149_whistle_1_Married.wav,data/MLEndHWII_sample_800/S149_whistle_1_Married.wav,Married,S149,whistle,1,44100,2,19.577936507936506
S149_whistle_1_Necessities.wav,data/MLEndHWII_sample_800/S149_whistle_1_Necessities.wav,Necessities,S149,whistle,1,44100,2,19.868185941043084
S149_whistle_2_TryEverything.wav,data/MLEndHWII_sample_800/S149_whistle_2_TryEverything.wav,TryEverything,S149,whistle,2,44100,2,20.100385487528346
S14_hum_1_Married.wav,data/MLEndHWII_sample_800/S14_hum_1_Married.wav,Married,S14,hum,1,48000,2,21.524
S14_whistle_1_Necessities.wav,data/MLEndHWII_sample_800/S14_whistle_1_Necessities.wav,Necessities,S14,whistle,1,48000,1,21.609333333333332
S14_whistle_1_TryEverything.wav,data/MLEndHWII_sample_800/S14_whistle_1_TryEverything.wav,TryEverything,S14,whistle,1,48000,1,25.278666666666666
S14_whistle_2_Friend.wav,data/MLEndHWII_sample_800/S14_whistle_2_Friend.wav,Friend,S14,whistle,2,48000,1,22.548
S150_hum_1_Married.wav,data/MLEndHWII_sample_800/S150_hum_1_Married.wav,Married,S150,hum,1,44100,2,16.89251700680272
S150_whistle_1_Feeling.wav,data/MLEndHWII_sample_800/S150_whistle_1_Feeling.wav,Feeling,S150,whistle,1,44100,2,17.98385487528345
S150_whistle_1_RememberMe.wav,data/MLEndHWII_sample_800/S150_whistle_1_RememberMe.wav,RememberMe,S150,whistle,1,44100,2,19.51637188208617
S150_whistle_1_TryEverything.wav,data/MLEndHWII_sample_800/S150_whistle_1_TryEverything.wav,TryEverything,S150,whistle,1,44100,2,15.764965986394557
S150_whistle_2_NewYork.wav,data/MLEndHWII_sample_800/S150_whistle_2_NewYork.wav,NewYork,S150,whistle,2,44100,2,17.03183673469388
S151_hum_1_Happy.wav,data/MLEndHWII_sample_800/S151_hum_1_Happy.wav,Happy,S151,hum,1,44100,1,18.007074829931973
S151_hum_2_TryEverything.wav,data/MLEndHWII_sample_800/S151_hum_2_TryEverything.wav,TryEverything,S151,hum,2,44100,1,32.46149659863946
S151_hum_3_Necessities.wav,data/MLEndHWII_sample_800/S151_hum_3_Necessities.wav,Necessities,S151,hum,3,44100,1,17.471065759637188
S151_hum_4_Friend.wav,data/MLEndHWII_sample_800/S151_hum_4_Friend.wav,Friend,S151,hum,4,44100,1,18.79043083900227
S152_hum_1_Married.wav,data/MLEndHWII_sample_800/S152_hum_1_Married.wav,Married,S152,hum,1,44100,2,20.0
S152_hum_3_RememberMe.wav,data/MLEndHWII_sample_800/S152_hum_3_RememberMe.wav,RememberMe,S152,hum,3,44100,2,20.743741496598638
S152_hum_4_Friend.wav,data/MLEndHWII_sample_800/S152_hum_4_Friend.wav,Friend,S152,hum,4,44100,2,20.35612244897959
S152_hum_4_Necessities.wav,data/MLEndHWII_sample_800/S152_hum_4_Necessities.wav,Necessities,S152,hum,4,44100,2,17.678730158730158
S153_hum_1_RememberMe.wav,data/MLEndHWII_sample_800/S153_hum_1_RememberMe.wav,RememberMe,S153,hum,1,44100,2,25.23780045351474
S153_hum_2_NewYork.wav,data/MLEndHWII_sample_800/S153_hum_2_NewYork.wav,NewYork,S153,hum,2,44100,2,17.386553287981858
S153_hum_3_TryEverything.wav,data/MLEndHWII_sample_800/S153_hum_3_TryEverything.wav,TryEverything,S153,hum,3,44100,2,31.15888888888889
S153_hum_4_Feeling.wav,data/MLEndHWII_sample_800/S153_hum_4_Feeling.wav,Feeling,S153,hum,4,44100,2,22.30628117913832
S153_hum_4_Happy.wav,data/MLEndHWII_sample_800/S153_hum_4_Happy.wav,Happy,S153,hum,4,44100,2,22.596530612244898
S154_hum_1_Feeling.wav,data/MLEndHWII_sample_800/S154_hum_1_Feeling.wav,Feeling,S154,hum,1,44100,1,21.97768707482993
S154_hum_3_Married.wav,data/MLEndHWII_sample_800/S154_hum_3_Married.wav,Married,S154,hum,3,44100,1,20.81705215419501
S154_hum_3_RememberMe.wav,data/MLEndHWII_sample_800/S154_hum_3_RememberMe.wav,RememberMe,S154,hum,3,44100,1,22.19249433106576
S154_hum_4_NewYork.wav,data/MLEndHWII_sample_800/S154_hum_4_NewYork.wav,NewYork,S154,hum,4,44100,1,19.887460317460317
S155_hum_3_NewYork.wav,data/MLEndHWII_sample_800/S155_hum_3_NewYork.wav,NewYork,S155,hum,3,44100,1,17.687437641723356
S155_hum_4_Feeling.wav,data/MLEndHWII_sample_800/S155_hum_4_Feeling.wav,Feeling,S155,hum,4,44100,1,18.08485260770975
S155_hum_4_Happy.wav,data/MLEndHWII_sample_800/S155_hum_4_Happy.wav,Happy,S155,hum,4,44100,1,17.819909297052153
S155_hum_4_RememberMe.wav,data/MLEndHWII_sample_800/S155_hum_4_RememberMe.wav,RememberMe,S155,hum,4,44100,1,18.87968253968254
S156_hum_3_Friend.wav,data/MLEndHWII_sample_800/S156_hum_3_Friend.wav,Friend,S156,hum,3,44100,1,19.380408163265304
S156_hum_3_Happy.wav,data/MLEndHWII_sample_800/S156_hum_3_Happy.wav,Happy,S156,hum,3,44100,1,17.765374149659863
S156_hum_3_Married.wav,data/MLEndHWII_sample_800/S156_hum_3_Married.wav,Married,S156,hum,3,44100,1,17.541043083900227
S156_hum_3_NewYork.wav,data/MLEndHWII_sample_800/S156_hum_3_NewYork.wav,NewYork,S156,hum,3,44100,1,16.292902494331067
S157_hum_1_Happy.wav,data/MLEndHWII_sample_800/S157_hum_1_Happy.wav,Happy,S157,hum,1,44100,1,27.144126984126984
S157_hum_1_RememberMe.wav,data/MLEndHWII_sample_800/S157_hum_1_RememberMe.wav,RememberMe,S157,hum,1,44100,1,35.16360544217687
S157_hum_1_TryEverything.wav,data/MLEndHWII_sample_800/S157_hum_1_TryEverything.wav,TryEverything,S157,hum,1,44100,1,32.229297052154195
S157_hum_3_Feeling.wav,data/MLEndHWII_sample_800/S157_hum_3_Feeling.wav,Feeling,S157,hum,3,44100,1,33.8846485260771
S157_hum_4_NewYork.wav,data/MLEndHWII_sample_800/S157_hum_4_NewYork.wav,NewYork,S157,hum,4,44100,1,17.944897959183674
S158_hum_1_Necessities.wav,data/MLEndHWII_sample_800/S158_hum_1_Necessities.wav,Necessities,S158,hum,1,48000,2,28.458666666666666
S158_hum_2_Friend.wav,data/MLEndHWII_sample_800/S158_hum_2_Friend.wav,Friend,S158,hum,2,48000,2,28.928
S158_whistle_1_Married.wav,data/MLEndHWII_sample_800/S158_whistle_1_Married.wav,Married,S158,whistle,1,48000,2,30.314666666666668
S158_whistle_1_RememberMe.wav,data/MLEndHWII_sample_800/S158_whistle_1_RememberMe.wav,RememberMe,S158,whistle,1,48000,2,35.797333333333334
S159_hum_1_TryEverything.wav,data/MLEndHWII_sample_800/S159_hum_1_TryEverything.wav,TryEverything,S159,hum,1,44100,1,21.351156462585035
S159_whistle_1_Married.wav,data/MLEndHWII_sample_800/S159_whistle_1_Married.wav,Married,S159,whistle,1,44100,1,18.395034013605443
S159_whistle_1_Necessities.wav,data/MLEndHWII_sample_800/S159_whistle_1_Necessities.wav,Necessities,S159,whistle,1,44100,1,19.183333333333334
S159_whistle_1_RememberMe.wav,data/MLEndHWII_sample_800/S159_whistle_1_RememberMe.wav,RememberMe,S159,whistle,1,44100,1,23.32190476190476
S159_whistle_2_Feeling.wav,data/MLEndHWII_sample_800/S159_whistle_2_Feeling.wav,Feeling,S159,whistle,2,44100,1,19.11764172335601
S15_hum_1_Friend.wav,data/MLEndHWII_sample_800/S15_hum_1_Friend.wav,Friend,S15,hum,1,44100,1,17.33140589569161
S15_hum_1_RememberMe.wav,data/MLEndHWII_sample_800/S15_hum_1_RememberMe.wav,RememberMe,S15,hum,1,44100,1,19.74628117913832
S15_hum_3_TryEverything.wav,data/MLEndHWII_sample_800/S15_hum_3_TryEverything.wav,TryEverything,S15,hum,3,44100,1,17.238526077097507
S15_hum_4_Married.wav,data/MLEndHWII_sample_800/S15_hum_4_Married.wav,Married,S15,hum,4,44100,1,19.839160997732428
S15_hum_4_Necessities.wav,data/MLEndHWII_sample_800/S15_hum_4_Necessities.wav,Necessities,S15,hum,4,44100,1,17.424285714285713
S160_hum_1_Married.wav,data/MLEndHWII_sample_800/S160_hum_1_Married.wav,Married,S160,hum,1,44100,2,16.965691609977323
S160_whistle_1_NewYork.wav,data/MLEndHWII_sample_800/S160_whistle_1_NewYork.wav,NewYork,S160,whistle,1,44100,2,19.505374149659865
S160_whistle_2_Friend.wav,data/MLEndHWII_sample_800/S160_whistle_2_Friend.wav,Friend,S160,whistle,2,44100,2,21.435532879818595
S160_whistle_2_Happy.wav,data/MLEndHWII_sample_800/S160_whistle_2_Happy.wav,Happy,S160,whistle,2,44100,2,24.076802721088434
S161_hum_2_NewYork.wav,data/MLEndHWII_sample_800/S161_hum_2_NewYork.wav,NewYork,S161,hum,2,44100,2,16.90702947845805
S161_whistle_1_Friend.wav,data/MLEndHWII_sample_800/S161_whistle_1_Friend.wav,Friend,S161,whistle,1,44100,2,22.927414965986394
S161_whistle_2_Feeling.wav,data/MLEndHWII_sample_800/S161_whistle_2_Feeling.wav,Feeling,S161,whistle,2,44100,2,26.740680272108843
S161_whistle_2_RememberMe.wav,data/MLEndHWII_sample_800/S161_whistle_2_RememberMe.wav,RememberMe,S161,whistle,2,44100,2,30.39263038548753
S162_hum_1_Happy.wav,data/MLEndHWII_sample_800/S162_hum_1_Happy.wav,Happy,S162,hum,1,44100,1,20.050181405895692
S162_hum_1_Married.wav,data/MLEndHWII_sample_800/S162_hum_1_Married.wav,Married,S162,hum,1,44100,1,20.038820861678005
S162_whistle_1_NewYork.wav,data/MLEndHWII_sample_800/S162_whistle_1_NewYork.wav,NewYork,S162,whistle,1,44100,1,20.050430839002267
S162_whistle_1_TryEverything.wav,data/MLEndHWII_sample_800/S162_whistle_1_TryEverything.wav,TryEverything,S162,whistle,1,44100,1,22.058934240362813
S162_whistle_2_Friend.wav,data/MLEndHWII_sample_800/S162_whistle_2_Friend.wav,Friend,S162,whistle,2,44100,1,20.050430839002267
S163_hum_1_Feeling.wav,data/MLEndHWII_sample_800/S163_hum_1_Feeling.wav,Feeling,S163,hum,1,44100,2,16.878616780045352
S163_hum_3_Married.wav,data/MLEndHWII_sample_800/S163_hum_3_Married.wav,Married,S163,hum,3,44100,2,16.457755102040817
S163_hum_3_RememberMe.wav,data/MLEndHWII_sample_800/S163_hum_3_RememberMe.wav,RememberMe,S163,hum,3,44100,2,15.877256235827664
S163_hum_4_NewYork.wav,data/MLEndHWII_sample_800/S163_hum_4_NewYork.wav,NewYork,S163,hum,4,44100,2,17.197891156462585
S164_hum_2_Happy.wav,data/MLEndHWII_sample_800/S164_hum_2_Happy.wav,Happy,S164,hum,2,44100,2,26.16659863945578
S164_hum_2_NewYork.wav,data/MLEndHWII_sample_800/S164_hum_2_NewYork.wav,NewYork,S164,hum,2,44100,2,18.155714285714286
S164_hum_2_TryEverything.wav,data/MLEndHWII_sample_800/S164_hum_2_TryEverything.wav,TryEverything,S164,hum,2,44100,2,27.255510204081634
S164_hum_3_Friend.wav,data/MLEndHWII_sample_800/S164_hum_3_Friend.wav,Friend,S164,hum,3,44100,2,29.44641723356009
S165_hum_1_Married.wav,data/MLEndHWII_sample_800/S165_hum_1_Married.wav,Married,S165,hum,1,44100,2,30.89766439909297
S165_whistle_1_NewYork.wav,data/MLEndHWII_sample_800/S165_whistle_1_NewYork.wav,NewYork,S165,whistle,1,44100,2,20.04233560090703
S165_whistle_1_RememberMe.wav,data/MLEndHWII_sample_800/S165_whistle_1_RememberMe.wav,RememberMe,S165,whistle,1,44100,2,38.99562358276644
S165_whistle_2_Feeling.wav,data/MLEndHWII_sample_800/S165_whistle_2_Feeling.wav,Feeling,S165,whistle,2,44100,2,37.457301587301586
S165_whistle_2_TryEverything.wav,data/MLEndHWII_sample_800/S165_whistle_2_TryEverything.wav,TryEverything,S165,whistle,2,44100,2,37.07997732426304
S166_hum_2_Friend.wav,data/MLEndHWII_sample_800/S166_hum_2_Friend.wav,Friend,S166,hum,2,44100,1,16.945374149659862
S166_hum_3_Happy.wav,data/MLEndHWII_sample_800/S166_hum_3_Happy.wav,Happy,S166,hum,3,44100,1,19.213197278911565
S166_hum_3_NewYork.wav,data/MLEndHWII_sample_800/S166_hum_3_NewYork.wav,NewYork,S166,hum,3,44100,1,16.945374149659862
S166_hum_3_TryEverything.wav,data/MLEndHWII_sample_800/S166_hum_3_TryEverything.wav,TryEverything,S166,hum,3,44100,1,16.945374149659862
S166_hum_4_Married.wav,data/MLEndHWII_sample_800/S166_hum_4_Married.wav,Married,S166,hum,4,44100,1,15.78922902494331
S167_hum_1_Married.wav,data/MLEndHWII_sample_800/S167_hum_1_Married.wav,Married,S167,hum,1,44100,2,25.309727891156463
S167_hum_1_NewYork.wav,data/MLEndHWII_sample_800/S167_hum_1_NewYork.wav,NewYork,S167,hum,1,44100,2,19.635986394557822
S167_hum_2_Necessities.wav,data/MLEndHWII_sample_800/S167_hum_2_Necessities.wav,Necessities,S167,hum,2,44100,2,28.839160997732428
S167_hum_4_Feeling.wav,data/MLEndHWII_sample_800/S167_hum_4_Feeling.wav,Feeling,S167,hum,4,44100,2,35.94800453514739
S168_hum_1_Friend.wav,data/MLEndHWII_sample_800/S168_hum_1_Friend.wav,Friend,S168,hum,1,48000,2,23.25
S168_hum_2_Feeling.wav,data/MLEndHWII_sample_800/S168_hum_2_Feeling.wav,Feeling,S168,hum,2,48000,2,36.25
S168_whistle_1_NewYork.wav,data/MLEndHWII_sample_800/S168_whistle_1_NewYork.wav,NewYork,S168,whistle,1,48000,2,16.333333333333332
S168_whistle_1_RememberMe.wav,data/MLEndHWII_sample_800/S168_whistle_1_RememberMe.wav,RememberMe,S168,whistle,1,48000,2,29.833333333333332
S169_hum_1_Happy.wav,data/MLEndHWII_sample_800/S169_hum_1_Happy.wav,Happy,S169,hum,1,44100,2,19.476349206349205
S169_hum_1_Necessities.wav,data/MLEndHWII_sample_800/S169_hum_1_Necessities.wav,Necessities,S169,hum,1,44100,2,29.881791383219955
S169_hum_2_NewYork.wav,data/MLEndHWII_sample_800/S169_hum_2_NewYork.wav,NewYork,S169,hum,2,44100,2,14.919433106575964
S169_hum_3_Feeling.wav,data/MLEndHWII_sample_800/S169_hum_3_Feeling.wav,Feeling,S169,hum,3,44100,2,21.34845804988662
S16_hum_1_TryEverything.wav,data/MLEndHWII_sample_800/S16_hum_1_TryEverything.wav,TryEverything,S16,hum,1,44100,2,14.918820861678004
S16_hum_2_Happy.wav,data/MLEndHWII_sample_800/S16_hum_2_Happy.wav,Happy,S16,hum,2,44100,2,23.034195011337868
S16_hum_2_RememberMe.wav,data/MLEndHWII_sample_800/S16_hum_2_RememberMe.wav,RememberMe,S16,hum,2,44100,2,20.723809523809525
S16_hum_3_NewYork.wav,data/MLEndHWII_sample_800/S16_hum_3_NewYork.wav,NewYork,S16,hum,3,44100,2,16.66031746031746
S170_hum_2_NewYork.wav,data/MLEndHWII_sample_800/S170_hum_2_NewYork.wav,NewYork,S170,hum,2,44100,2,18.053514739229026
S170_whistle_1_Friend.wav,data/MLEndHWII_sample_800/S170_whistle_1_Friend.wav,Friend,S170,whistle,1,44100,2,30.963809523809523
S170_whistle_1_Happy.wav,data/MLEndHWII_sample_800/S170_whistle_1_Happy.wav,Happy,S170,whistle,1,44100,2,22.291156462585032
S170_whistle_2_RememberMe.wav,data/MLEndHWII_sample_800/S170_whistle_2_RememberMe.wav,RememberMe,S170,whistle,2,44100,2,33.13487528344671
S171_hum_2_Feeling.wav,data/MLEndHWII_sample_800/S171_hum_2_Feeling.wav,Feeling,S171,hum,2,44100,2,16.806054421768707
S171_hum_2_TryEverything.wav,data/MLEndHWII_sample_800/S171_hum_2_TryEverything.wav,TryEverything,S171,hum,2,44100,2,15.920793650793652
S171_whistle_1_Necessities.wav,data/MLEndHWII_sample_800/S171_whistle_1_Necessities.wav,Necessities,S171,whistle,1,44100,2,16.138480725623584
S171_whistle_2_Happy.wav,data/MLEndHWII_sample_800/S171_whistle_2_Happy.wav,Happy,S171,whistle,2,44100,2,15.543469387755103
S171_whistle_2_NewYork.wav,data/MLEndHWII_sample_800/S171_whistle_2_NewYork.wav,NewYork,S171,whistle,2,44100,2,16.77702947845805
S172_hum_1_TryEverything.wav,data/MLEndHWII_sample_800/S172_hum_1_TryEverything.wav,TryEverything,S172,hum,1,44100,1,16.23390022675737
S172_whistle_1_Married.wav,data/MLEndHWII_sample_800/S172_whistle_1_Married.wav,Married,S172,whistle,1,44100,1,16.76750566893424
S172_whistle_1_Necessities.wav,data/MLEndHWII_sample_800/S172_whistle_1_Necessities.wav,Necessities,S172,whistle,1,44100,1,16.973786848072564
S172_whistle_1_RememberMe.wav,data/MLEndHWII_sample_800/S172_whistle_1_RememberMe.wav,RememberMe,S172,whistle,1,44100,1,16.996984126984128
S172_whistle_2_Friend.wav,data/MLEndHWII_sample_800/S172_whistle_2_Friend.wav,Friend,S172,whistle,2,44100,1,16.10049886621315
S173_hum_2_Friend.wav,data/MLEndHWII_sample_800/S173_hum_2_Friend.wav,Friend,S173,hum,2,44100,2,34.388390022675736
S173_hum_2_TryEverything.wav,data/MLEndHWII_sample_800/S173_hum_2_TryEverything.wav,TryEverything,S173,hum,2,44100,2,33.06696145124717
S173_whistle_1_Happy.wav,data/MLEndHWII_sample_800/S173_whistle_1_Happy.wav,Happy,S173,whistle,1,44100,2,24.008934240362812
S173_whistle_1_RememberMe.wav,data/MLEndHWII_sample_800/S173_whistle_1_RememberMe.wav,RememberMe,S173,whistle,1,44100,2,36.83927437641724
S173_whistle_2_Necessities.wav,data/MLEndHWII_sample_800/S173_whistle_2_Necessities.wav,Necessities,S173,whistle,2,44100,2,29.03124716553288
S174_hum_2_Necessities.wav,data/MLEndHWII_sample_800/S174_hum_2_Necessities.wav,Necessities,S174,hum,2,44100,1,18.991632653061224
S174_whistle_1_TryEverything.wav,data/MLEndHWII_sample_800/S174_whistle_1_TryEverything.wav,TryEverything,S174,whistle,1,44100,1,16.402244897959182
S174_whistle_2_Feeling.wav,data/MLEndHWII_sample_800/S174_whistle_2_Feeling.wav,Feeling,S174,whistle,2,44100,1,17.198979591836736
S174_whistle_2_Married.wav,data/MLEndHWII_sample_800/S174_whistle_2_Married.wav,Married,S174,whistle,2,44100,1,19.58918367346939
S175_hum_1_Feeling.wav,data/MLEndHWII_sample_800/S175_hum_1_Feeling.wav,Feeling,S175,hum,1,44100,2,30.43326530612245
S175_hum_2_Married.wav,data/MLEndHWII_sample_800/S175_hum_2_Married.wav,Married,S175,hum,2,44100,2,19.824648526077098
S175_hum_3_NewYork.wav,data/MLEndHWII_sample_800/S175_hum_3_NewYork.wav,NewYork,S175,hum,3,44100,2,17.560702947845805
S175_hum_4_RememberMe.wav,data/MLEndHWII_sample_800/S175_hum_4_RememberMe.wav,RememberMe,S175,hum,4,44100,2,29.44641723356009
S175_hum_4_TryEverything.wav,data/MLEndHWII_sample_800/S175_hum_4_TryEverything.wav,TryEverything,S175,hum,4,44100,2,23.118979591836734
S176_hum_1_Friend.wav,data/MLEndHWII_sample_800/S176_hum_1_Friend.wav,Friend,S176,hum,1,44100,2,19.806621315192743
S176_hum_2_Married.wav,data/MLEndHWII_sample_800/S176_hum_2_Married.wav,Married,S176,hum,2,44100,2,19.806621315192743
S176_hum_2_NewYork.wav,data/MLEndHWII_sample_800/S176_hum_2_NewYork.wav,NewYork,S176,hum,2,44100,2,19.725351473922903
S176_hum_4_RememberMe.wav,data/MLEndHWII_sample_800/S176_hum_4_RememberMe.wav,RememberMe,S176,hum,4,44100,2,19.56281179138322
S177_hum_1_Married.wav,data/MLEndHWII_sample_800/S177_hum_1_Married.wav,Married,S177,hum,1,44100,1,20.003990929705214
S177_whistle_2_Friend.wav,data/MLEndHWII_sample_800/S177_whistle_2_Friend.wav,Friend,S177,whistle,2,44100,1,20.050430839002267
S177_whistle_2_Happy.wav,data/MLEndHWII_sample_800/S177_whistle_2_Happy.wav,Happy,S177,whistle,2,44100,1,20.023650793650795
S177_whistle_2_RememberMe.wav,data/MLEndHWII_sample_800/S177_whistle_2_RememberMe.wav,RememberMe,S177,whistle,2,44100,1,19.99238095238095
S177_whistle_2_TryEverything.wav,data/MLEndHWII_sample_800/S177_whistle_2_TryEverything.wav,TryEverything,S177,whistle,2,44100,1,18.78857142857143
S178_hum_1_Happy.wav,data/MLEndHWII_sample_800/S178_hum_1_Happy.wav,Happy,S178,hum,1,44100,1,20.11780045351474
S178_hum_1_Necessities.wav,data/MLEndHWII_sample_800/S178_hum_1_Necessities.wav,Necessities,S178,hum,1,44100,1,20.489319727891157
S178_whistle_2_Feeling.wav,data/MLEndHWII_sample_800/S178_whistle_2_Feeling.wav,Feeling,S178,whistle,2,44100,1,19.096122448979592
S178_whistle_2_TryEverything.wav,data/MLEndHWII_sample_800/S178_whistle_2_TryEverything.wav,TryEverything,S178,whistle,2,44100,1,24.66891156462585
S179_whistle_1_Feeling.wav,data/MLEndHWII_sample_800/S179_whistle_1_Feeling.wav,Feeling,S179,whistle,1,44100,1,34.56804988662132
S179_whistle_1_TryEverything.wav,data/MLEndHWII_sample_800/S179_whistle_1_TryEverything.wav,TryEverything,S179,whistle,1,44100,1,32.70530612244898
S179_whistle_2_Happy.wav,data/MLEndHWII_sample_800/S179_whistle_2_Happy.wav,Happy,S179,whistle,2,44100,1,23.754013605442175
S179_whistle_2_NewYork.wav,data/MLEndHWII_sample_800/S179_whistle_2_NewYork.wav,NewYork,S179,whistle,2,44100,1,17.38013605442177
S17_hum_1_Feeling.wav,data/MLEndHWII_sample_800/S17_hum_1_Feeling.wav,Feeling,S17,hum,1,44100,2,17.923514739229024
S17_whistle_1_Married.wav,data/MLEndHWII_sample_800/S17_whistle_1_Married.wav,Married,S17,whistle,1,44100,2,16.28360544217687
S17_whistle_2_NewYork.wav,data/MLEndHWII_sample_800/S17_whistle_2_NewYork.wav,NewYork,S17,whistle,2,44100,2,17.691315192743765
S17_whistle_2_RememberMe.wav,data/MLEndHWII_sample_800/S17_whistle_2_RememberMe.wav,RememberMe,S17,whistle,2,44100,2,19.539591836734694
S17_whistle_2_TryEverything.wav,data/MLEndHWII_sample_800/S17_whistle_2_TryEverything.wav,TryEverything,S17,whistle,2,44100,2,16.588367346938774
S180_hum_2_Necessities.wav,data/MLEndHWII_sample_800/S180_hum_2_Necessities.wav,Necessities,S180,hum,2,44100,1,17.092448979591836
S180_whistle_2_Feeling.wav,data/MLEndHWII_sample_800/S180_whistle_2_Feeling.wav,Feeling,S180,whistle,2,44100,1,16.947120181405896
S180_whistle_2_Happy.wav,data/MLEndHWII_sample_800/S180_whistle_2_Happy.wav,Happy,S180,whistle,2,44100,1,17.68297052154195
S180_whistle_2_RememberMe.wav,data/MLEndHWII_sample_800/S180_whistle_2_RememberMe.wav,RememberMe,S180,whistle,2,44100,1,17.42124716553288
S181_hum_1_Necessities.wav,data/MLEndHWII_sample_800/S181_hum_1_Necessities.wav,Necessities,S181,hum,1,48000,1,26.496
S181_hum_3_RememberMe.wav,data/MLEndHWII_sample_800/S181_hum_3_RememberMe.wav,RememberMe,S181,hum,3,48000,1,27.050666666666668
S181_hum_4_Friend.wav,data/MLEndHWII_sample_800/S181_hum_4_Friend.wav,Friend,S181,hum,4,48000,1,27.477333333333334
S181_hum_4_Happy.wav,data/MLEndHWII_sample_800/S181_hum_4_Happy.wav,Happy,S181,hum,4,48000,1,25.514666666666667
S182_whistle_1_Married.wav,data/MLEndHWII_sample_800/S182_whistle_1_Married.wav,Married,S182,whistle,1,44100,1,19.929569160997733
S182_whistle_2_Feeling.wav,data/MLEndHWII_sample_800/S182_whistle_2_Feeling.wav,Feeling,S182,whistle,2,44100,1,19.863628117913834
S182_whistle_2_Necessities.wav,data/MLEndHWII_sample_800/S182_whistle_2_Necessities.wav,Necessities,S182,whistle,2,44100,1,15.241201814058957
S182_whistle_2_RememberMe.wav,data/MLEndHWII_sample_800/S182_whistle_2_RememberMe.wav,RememberMe,S182,whistle,2,44100,1,20.38204081632653
S183_hum_1_NewYork.wav,data/MLEndHWII_sample_800/S183_hum_1_NewYork.wav,NewYork,S183,hum,1,44100,2,15.70310657596372
S183_hum_3_Friend.wav,data/MLEndHWII_sample_800/S183_hum_3_Friend.wav,Friend,S183,hum,3,44100,2,18.436621315192745
S183_hum_3_Married.wav,data/MLEndHWII_sample_800/S183_hum_3_Married.wav,Married,S183,hum,3,44100,2,22.117619047619048
S183_hum_3_TryEverything.wav,data/MLEndHWII_sample_800/S183_hum_3_TryEverything.wav,TryEverything,S183,hum,3,44100,2,26.993809523809524
S184_hum_2_Married.wav,data/MLEndHWII_sample_800/S184_hum_2_Married.wav,Married,S184,hum,2,44100,2,37.03643990929705
S184_hum_2_Necessities.wav,data/MLEndHWII_sample_800/S184_hum_2_Necessities.wav,Necessities,S184,hum,2,44100,2,35.570680272108845
S184_hum_2_RememberMe.wav,data/MLEndHWII_sample_800/S184_hum_2_RememberMe.wav,RememberMe,S184,hum,2,44100,2,37.44278911564626
S184_whistle_1_Friend.wav,data/MLEndHWII_sample_800/S184_whistle_1_Friend.wav,Friend,S184,whistle,1,44100,2,30.128503401360543
S185_whistle_1_Happy.wav,data/MLEndHWII_sample_800/S185_whistle_1_Happy.wav,Happy,S185,whistle,1,44100,2,27.008321995464854
S185_whistle_1_Necessities.wav,data/MLEndHWII_sample_800/S185_whistle_1_Necessities.wav,Necessities,S185,whistle,1,44100,2,29.60077097505669
S185_whistle_1_TryEverything.wav,data/MLEndHWII_sample_800/S185_whistle_1_TryEverything.wav,TryEverything,S185,whistle,1,44100,2,29.90342403628118
S185_whistle_2_Friend.wav,data/MLEndHWII_sample_800/S185_whistle_2_Friend.wav,Friend,S185,whistle,2,44100,2,34.05260770975057
S185_whistle_2_RememberMe.wav,data/MLEndHWII_sample_800/S185_whistle_2_RememberMe.wav,RememberMe,S185,whistle,2,44100,2,36.39566893424036
S186_whistle_1_Friend.wav,data/MLEndHWII_sample_800/S186_whistle_1_Friend.wav,Friend,S186,whistle,1,44100,2,20.114897959183672
S186_whistle_1_Married.wav,data/MLEndHWII_sample_800/S186_whistle_1_Married.wav,Married,S186,whistle,1,44100,2,20.89857142857143
S186_whistle_2_Happy.wav,data/MLEndHWII_sample_800/S186_whistle_2_Happy.wav,Happy,S186,whistle,2,44100,2,19.086802721088436
S186_whistle_2_TryEverything.wav,data/MLEndHWII_sample_800/S186_whistle_2_TryEverything.wav,TryEverything,S186,whistle,2,44100,2,20.271020408163267
S187_hum_1_Friend.wav,data/MLEndHWII_sample_800/S187_hum_1_Friend.wav,Friend,S187,hum,1,44100,2,24.976575963718822
S187_hum_2_TryEverything.wav,data/MLEndHWII_sample_800/S187_hum_2_TryEverything.wav,TryEverything,S187,hum,2,44100,2,20.695396825396827
S187_whistle_1_Married.wav,data/MLEndHWII_sample_800/S187_whistle_1_Married.wav,Married,S187,whistle,1,44100,2,30.17204081632653
S187_whistle_2_NewYork.wav,data/MLEndHWII_sample_800/S187_whistle_2_NewYork.wav,NewYork,S187,whistle,2,44100,2,19.18609977324263
S188_hum_1_RememberMe.wav,data/MLEndHWII_sample_800/S188_hum_1_RememberMe.wav,RememberMe,S188,hum,1,44100,1,36.74328798185941
S188_whistle_1_NewYork.wav,data/MLEndHWII_sample_800/S188_whistle_1_NewYork.wav,NewYork,S188,whistle,1,44100,1,17.51716553287982
S188_whistle_2_Feeling.wav,data/MLEndHWII_sample_800/S188_whistle_2_Feeling.wav,Feeling,S188,whistle,2,44100,1,27.176666666666666
S188_whistle_2_Married.wav,data/MLEndHWII_sample_800/S188_whistle_2_Married.wav,Married,S188,whistle,2,44100,1,27.64106575963719
S18_whistle_1_Feeling.wav,data/MLEndHWII_sample_800/S18_whistle_1_Feeling.wav,Feeling,S18,whistle,1,44100,1,20.566802721088436
S18_whistle_1_Friend.wav,data/MLEndHWII_sample_800/S18_whistle_1_Friend.wav,Friend,S18,whistle,1,44100,1,21.356326530612243
S18_whistle_1_NewYork.wav,data/MLEndHWII_sample_800/S18_whistle_1_NewYork.wav,NewYork,S18,whistle,1,44100,1,20.96156462585034
S18_whistle_1_TryEverything.wav,data/MLEndHWII_sample_800/S18_whistle_1_TryEverything.wav,TryEverything,S18,whistle,1,44100,1,20.510408163265307
S19_hum_1_NewYork.wav,data/MLEndHWII_sample_800/S19_hum_1_NewYork.wav,NewYork,S19,hum,1,44100,2,16.864104308390022
S19_hum_4_Friend.wav,data/MLEndHWII_sample_800/S19_hum_4_Friend.wav,Friend,S19,hum,4,44100,2,21.11625850340136
S19_whistle_1_Happy.wav,data/MLEndHWII_sample_800/S19_whistle_1_Happy.wav,Happy,S19,whistle,1,44100,2,20.187460317460317
S19_whistle_2_RememberMe.wav,data/MLEndHWII_sample_800/S19_whistle_2_RememberMe.wav,RememberMe,S19,whistle,2,44100,2,19.81013605442177
S1_hum_2_Necessities.wav,data/MLEndHWII_sample_800/S1_hum_2_Necessities.wav,Necessities,S1,hum,2,44100,2,19.142562358276646
S1_hum_2_TryEverything.wav,data/MLEndHWII_sample_800/S1_hum_2_TryEverything.wav,TryEverything,S1,hum,2,44100,2,25.557074829931974
S1_whistle_1_Married.wav,data/MLEndHWII_sample_800/S1_whistle_1_Married.wav,Married,S1,whistle,1,44100,2,19.229637188208617
S1_whistle_1_NewYork.wav,data/MLEndHWII_sample_800/S1_whistle_1_NewYork.wav,NewYork,S1,whistle,1,44100,2,16.922154195011338
S1_whistle_2_Friend.wav,data/MLEndHWII_sample_800/S1_whistle_2_Friend.wav,Friend,S1,whistle,2,44100,2,21.34845804988662
S20_hum_1_Feeling.wav,data/MLEndHWII_sample_800/S20_hum_1_Feeling.wav,Feeling,S20,hum,1,44100,1,16.760136054421768
S20_hum_2_RememberMe.wav,data/MLEndHWII_sample_800/S20_hum_2_RememberMe.wav,RememberMe,S20,hum,2,44100,1,18.945918367346938
S20_hum_3_TryEverything.wav,data/MLEndHWII_sample_800/S20_hum_3_TryEverything.wav,TryEverything,S20,hum,3,44100,1,16.42895691609977
S20_hum_4_Happy.wav,data/MLEndHWII_sample_800/S20_hum_4_Happy.wav,Happy,S20,hum,4,44100,1,17.819909297052153
S20_hum_4_NewYork.wav,data/MLEndHWII_sample_800/S20_hum_4_NewYork.wav,NewYork,S20,hum,4,44100,1,16.958843537414968
S21_hum_1_TryEverything.wav,data/MLEndHWII_sample_800/S21_hum_1_TryEverything.wav,TryEverything,S21,hum,1,44100,1,31.52106575963719
S21_whistle_1_Feeling.wav,data/MLEndHWII_sample_800/S21_whistle_1_Feeling.wav,Feeling,S21,whistle,1,44100,1,32.61240362811792
S21_whistle_1_Married.wav,data/MLEndHWII_sample_800/S21_whistle_1_Married.wav,Married,S21,whistle,1,44100,1,24.264829931972788
S21_whistle_1_Necessities.wav,data/MLEndHWII_sample_800/S21_whistle_1_Necessities.wav,Necessities,S21,whistle,1,44100,1,19.445873015873016
S21_whistle_1_RememberMe.wav,data/MLEndHWII_sample_800/S21_whistle_1_RememberMe.wav,RememberMe,S21,whistle,1,44100,1,25.65612244897959
S22_whistle_1_Friend.wav,data/MLEndHWII_sample_800/S22_whistle_1_Friend.wav,Friend,S22,whistle,1,48000,1,24.85333333333333
S22_whistle_1_Married.wav,data/MLEndHWII_sample_800/S22_whistle_1_Married.wav,Married,S22,whistle,1,48000,1,29.717333333333332
S22_whistle_1_Necessities.wav,data/MLEndHWII_sample_800/S22_whistle_1_Necessities.wav,Necessities,S22,whistle,1,48000,1,28.096
S22_whistle_2_NewYork.wav,data/MLEndHWII_sample_800/S22_whistle_2_NewYork.wav,NewYork,S22,whistle,2,48000,1,17.664
S23_hum_1_Married.wav,data/MLEndHWII_sample_800/S23_hum_1_Married.wav,Married,S23,hum,1,44100,2,26.006349206349206
S23_hum_2_Friend.wav,data/MLEndHWII_sample_800/S23_hum_2_Friend.wav,Friend,S23,hum,2,44100,2,22.11698412698413
S23_hum_2_Happy.wav,data/MLEndHWII_sample_800/S23_hum_2_Happy.wav,Happy,S23,hum,2,44100,2,25.847324263038548
S23_hum_2_NewYork.wav,data/MLEndHWII_sample_800/S23_hum_2_NewYork.wav,NewYork,S23,hum,2,44100,2,18.471451247165533
S24_hum_1_Feeling.wav,data/MLEndHWII_sample_800/S24_hum_1_Feeling.wav,Feeling,S24,hum,1,44100,2,35.32396825396825
S24_whistle_1_Married.wav,data/MLEndHWII_sample_800/S24_whistle_1_Married.wav,Married,S24,whistle,1,44100,2,28.227369614512472
S24_whistle_2_Happy.wav,data/MLEndHWII_sample_800/S24_whistle_2_Happy.wav,Happy,S24,whistle,2,44100,2,24.86857142857143
S24_whistle_2_RememberMe.wav,data/MLEndHWII_sample_800/S24_whistle_2_RememberMe.wav,RememberMe,S24,whistle,2,44100,2,27.29503401360544
S25_hum_2_Friend.wav,data/MLEndHWII_sample_800/S25_hum_2_Friend.wav,Friend,S25,hum,2,44100,1,20.282607709750568
S25_hum_2_Married.wav,data/MLEndHWII_sample_800/S25_hum_2_Married.wav,Married,S25,hum,2,44100,1,19.58451247165533
S25_whistle_1_Happy.wav,data/MLEndHWII_sample_800/S25_whistle_1_Happy.wav,Happy,S25,whistle,1,44100,1,20.95700680272109
S25_whistle_2_NewYork.wav,data/MLEndHWII_sample_800/S25_whistle_2_NewYork.wav,NewYork,S25,whistle,2,44100,1,15.964444444444444
S26_hum_1_NewYork.wav,data/MLEndHWII_sample_800/S26_hum_1_NewYork.wav,NewYork,S26,hum,1,44100,2,19.258662131519273
S26_hum_2_RememberMe.wav,data/MLEndHWII_sample_800/S26_hum_2_RememberMe.wav,RememberMe,S26,hum,2,44100,2,19.737573696145123
S26_hum_4_Friend.wav,data/MLEndHWII_sample_800/S26_hum_4_Friend.wav,Friend,S26,hum,4,44100,2,20.62283446712018
S26_hum_4_Married.wav,data/MLEndHWII_sample_800/S26_hum_4_Married.wav,Married,S26,hum,4,44100,2,18.59108843537415
S26_hum_4_TryEverything.wav,data/MLEndHWII_sample_800/S26_hum_4_TryEverything.wav,TryEverything,S26,hum,4,44100,2,19.81013605442177
S27_whistle_1_Friend.wav,data/MLEndHWII_sample_800/S27_whistle_1_Friend.wav,Friend,S27,whistle,1,44100,2,14.266371882086167
S27_whistle_1_Happy.wav,data/MLEndHWII_sample_800/S27_whistle_1_Happy.wav,Happy,S27,whistle,1,44100,2,13.482698412698413
S27_whistle_1_Necessities.wav,data/MLEndHWII_sample_800/S27_whistle_1_Necessities.wav,Necessities,S27,whistle,1,44100,2,17.2559410430839
S27_whistle_1_TryEverything.wav,data/MLEndHWII_sample_800/S27_whistle_1_TryEverything.wav,TryEverything,S27,whistle,1,44100,2,17.61875283446712
S28_hum_1_RememberMe.wav,data/MLEndHWII_sample_800/S28_hum_1_RememberMe.wav,RememberMe,S28,hum,1,44100,2,19.99235827664399
S28_hum_2_Friend.wav,data/MLEndHWII_sample_800/S28_hum_2_Friend.wav,Friend,S28,hum,2,44100,2,23.029002267573695
S28_whistle_1_Necessities.wav,data/MLEndHWII_sample_800/S28_whistle_1_Necessities.wav,Necessities,S28,whistle,1,44100,2,19.690521541950112
S28_whistle_2_Married.wav,data/MLEndHWII_sample_800/S28_whistle_2_Married.wav,Married,S28,whistle,2,44100,2,19.229637188208617
S28_whistle_2_TryEverything.wav,data/MLEndHWII_sample_800/S28_whistle_2_TryEverything.wav,TryEverything,S28,whistle,2,44100,2,20.038820861678005
S29_hum_2_Necessities.wav,data/MLEndHWII_sample_800/S29_hum_2_Necessities.wav,Necessities,S29,hum,2,44100,2,20.826009070294784
S29_hum_3_NewYork.wav,data/MLEndHWII_sample_800/S29_hum_3_NewYork.wav,NewYork,S29,hum,3,44100,2,17.081791383219954
S29_hum_4_Friend.wav,data/MLEndHWII_sample_800/S29_hum_4_Friend.wav,Friend,S29,hum,4,44100,2,19.577936507936506
S29_hum_4_Happy.wav,data/MLEndHWII_sample_800/S29_hum_4_Happy.wav,Happy,S29,hum,4,44100,2,16.849591836734692
S2_whistle_1_Friend.wav,data/MLEndHWII_sample_800/S2_whistle_1_Friend.wav,Friend,S2,whistle,1,44100,2,33.466371882086165
S2_whistle_1_Happy.wav,data/MLEndHWII_sample_800/S2_whistle_1_Happy.wav,Happy,S2,whistle,1,44100,2,29.867278911564625
S2_whistle_1_TryEverything.wav,data/MLEndHWII_sample_800/S2_whistle_1_TryEverything.wav,TryEverything,S2,whistle,1,44100,2,35.87544217687075
S2_whistle_2_NewYork.wav,data/MLEndHWII_sample_800/S2_whistle_2_NewYork.wav,NewYork,S2,whistle,2,44100,2,17.967052154195013
S30_hum_1_Feeling.wav,data/MLEndHWII_sample_800/S30_hum_1_Feeling.wav,Feeling,S30,hum,1,44100,2,20.826009070294784
S30_hum_3_Married.wav,data/MLEndHWII_sample_800/S30_hum_3_Married.wav,Married,S30,hum,3,44100,2,17.546190476190475
S30_hum_3_TryEverything.wav,data/MLEndHWII_sample_800/S30_hum_3_TryEverything.wav,TryEverything,S30,hum,3,44100,2,16.05140589569161
S30_hum_4_Necessities.wav,data/MLEndHWII_sample_800/S30_hum_4_Necessities.wav,Necessities,S30,hum,4,44100,2,17.22691609977324
S31_hum_1_Happy.wav,data/MLEndHWII_sample_800/S31_hum_1_Happy.wav,Happy,S31,hum,1,44100,1,28.28517006802721
S31_hum_2_Friend.wav,data/MLEndHWII_sample_800/S31_hum_2_Friend.wav,Friend,S31,hum,2,44100,1,35.76981859410431
S31_hum_2_NewYork.wav,data/MLEndHWII_sample_800/S31_hum_2_NewYork.wav,NewYork,S31,hum,2,44100,1,20.33687074829932
S31_hum_3_RememberMe.wav,data/MLEndHWII_sample_800/S31_hum_3_RememberMe.wav,RememberMe,S31,hum,3,44100,1,35.76981859410431
S32_hum_2_TryEverything.wav,data/MLEndHWII_sample_800/S32_hum_2_TryEverything.wav,TryEverything,S32,hum,2,44100,1,16.495487528344672
S32_whistle_1_Feeling.wav,data/MLEndHWII_sample_800/S32_whistle_1_Feeling.wav,Feeling,S32,whistle,1,44100,1,18.724603174603175
S32_whistle_2_Friend.wav,data/MLEndHWII_sample_800/S32_whistle_2_Friend.wav,Friend,S32,whistle,2,44100,1,20.39643990929705
S32_whistle_2_Necessities.wav,data/MLEndHWII_sample_800/S32_whistle_2_Necessities.wav,Necessities,S32,whistle,2,44100,1,19.46764172335601
S33_hum_1_NewYork.wav,data/MLEndHWII_sample_800/S33_hum_1_NewYork.wav,NewYork,S33,hum,1,44100,2,20.050430839002267
S33_hum_1_TryEverything.wav,data/MLEndHWII_sample_800/S33_hum_1_TryEverything.wav,TryEverything,S33,hum,1,44100,2,20.166916099773243
S33_hum_2_Feeling.wav,data/MLEndHWII_sample_800/S33_hum_2_Feeling.wav,Feeling,S33,hum,2,44100,2,20.038820861678005
S33_whistle_2_Friend.wav,data/MLEndHWII_sample_800/S33_whistle_2_Friend.wav,Friend,S33,whistle,2,44100,2,20.050430839002267
S34_hum_2_TryEverything.wav,data/MLEndHWII_sample_800/S34_hum_2_TryEverything.wav,TryEverything,S34,hum,2,44100,1,21.607278911564627
S34_whistle_1_Friend.wav,data/MLEndHWII_sample_800/S34_whistle_1_Friend.wav,Friend,S34,whistle,1,44100,1,22.63002267573696
S34_whistle_1_Happy.wav,data/MLEndHWII_sample_800/S34_whistle_1_Happy.wav,Happy,S34,whistle,1,44100,1,21.518344671201813
S34_whistle_2_Necessities.wav,data/MLEndHWII_sample_800/S34_whistle_2_Necessities.wav,Necessities,S34,whistle,2,44100,1,20.89580498866213
S35_hum_2_Happy.wav,data/MLEndHWII_sample_800/S35_hum_2_Happy.wav,Happy,S35,hum,2,44100,1,19.239909297052154
S35_hum_2_NewYork.wav,data/MLEndHWII_sample_800/S35_hum_2_NewYork.wav,NewYork,S35,hum,2,44100,1,16.741587301587302
S35_hum_3_Feeling.wav,data/MLEndHWII_sample_800/S35_hum_3_Feeling.wav,Feeling,S35,hum,3,44100,1,17.356916099773244
S35_hum_3_TryEverything.wav,data/MLEndHWII_sample_800/S35_hum_3_TryEverything.wav,TryEverything,S35,hum,3,44100,1,15.625056689342404
S36_hum_1_Feeling.wav,data/MLEndHWII_sample_800/S36_hum_1_Feeling.wav,Feeling,S36,hum,1,44100,2,33.7856462585034
S36_hum_1_Married.wav,data/MLEndHWII_sample_800/S36_hum_1_Married.wav,Married,S36,hum,1,44100,2,30.53485260770975
S36_hum_1_RememberMe.wav,data/MLEndHWII_sample_800/S36_hum_1_RememberMe.wav,RememberMe,S36,hum,1,44100,2,37.93621315192744
S36_whistle_1_Happy.wav,data/MLEndHWII_sample_800/S36_whistle_1_Happy.wav,Happy,S36,whistle,1,44100,2,29.635079365079363
S36_whistle_1_TryEverything.wav,data/MLEndHWII_sample_800/S36_whistle_1_TryEverything.wav,TryEverything,S36,whistle,1,44100,2,30.926689342403627
S38_hum_1_Feeling.wav,data/MLEndHWII_sample_800/S38_hum_1_Feeling.wav,Feeling,S38,hum,1,44100,1,20.06204081632653
S38_hum_2_Necessities.wav,data/MLEndHWII_sample_800/S38_hum_2_Necessities.wav,Necessities,S38,hum,2,44100,1,18.854603174603174
S38_whistle_1_Happy.wav,data/MLEndHWII_sample_800/S38_whistle_1_Happy.wav,Happy,S38,whistle,1,44100,1,24.03265306122449
S38_whistle_1_RememberMe.wav,data/MLEndHWII_sample_800/S38_whistle_1_RememberMe.wav,RememberMe,S38,whistle,1,44100,1,20.368707482993198
S39_hum_1_Necessities.wav,data/MLEndHWII_sample_800/S39_hum_1_Necessities.wav,Necessities,S39,hum,1,44100,2,18.025102040816325
S39_whistle_2_Friend.wav,data/MLEndHWII_sample_800/S39_whistle_2_Friend.wav,Friend,S39,whistle,2,44100,2,19.969773242630385
S39_whistle_2_Happy.wav,data/MLEndHWII_sample_800/S39_whistle_2_Happy.wav,Happy,S39,whistle,2,44100,2,19.519886621315194
S39_whistle_2_NewYork.wav,data/MLEndHWII_sample_800/S39_whistle_2_NewYork.wav,NewYork,S39,whistle,2,44100,2,16.835079365079366
S3_whistle_2_Friend.wav,data/MLEndHWII_sample_800/S3_whistle_2_Friend.wav,Friend,S3,whistle,2,44100,1,17.157551020408164
S3_whistle_2_Married.wav,data/MLEndHWII_sample_800/S3_whistle_2_Married.wav,Married,S3,whistle,2,44100,1,19.277097505668934
S3_whistle_2_Necessities.wav,data/MLEndHWII_sample_800/S3_whistle_2_Necessities.wav,Necessities,S3,whistle,2,44100,1,17.223786848072564
S3_whistle_2_RememberMe.wav,data/MLEndHWII_sample_800/S3_whistle_2_RememberMe.wav,RememberMe,S3,whistle,2,44100,1,18.945918367346938
S3_whistle_2_TryEverything.wav,data/MLEndHWII_sample_800/S3_whistle_2_TryEverything.wav,TryEverything,S3,whistle,2,44100,1,15.369183673469388
S40_hum_2_Necessities.wav,data/MLEndHWII_sample_800/S40_hum_2_Necessities.wav,Necessities,S40,hum,2,44100,1,17.29705215419501
S40_whistle_1_Friend.wav,data/MLEndHWII_sample_800/S40_whistle_1_Friend.wav,Friend,S40,whistle,1,44100,1,18.52795918367347
S40_whistle_2_Married.wav,data/MLEndHWII_sample_800/S40_whistle_2_Married.wav,Married,S40,whistle,2,44100,1,16.584421768707482
S40_whistle_2_NewYork.wav,data/MLEndHWII_sample_800/S40_whistle_2_NewYork.wav,NewYork,S40,whistle,2,44100,1,15.61265306122449
S41_whistle_1_Feeling.wav,data/MLEndHWII_sample_800/S41_whistle_1_Feeling.wav,Feeling,S41,whistle,1,44100,1,20.210680272108842
S41_whistle_1_Necessities.wav,data/MLEndHWII_sample_800/S41_whistle_1_Necessities.wav,Necessities,S41,whistle,1,44100,1,18.260204081632654
S41_whistle_1_TryEverything.wav,data/MLEndHWII_sample_800/S41_whistle_1_TryEverything.wav,TryEverything,S41,whistle,1,44100,1,19.736961451247165
S41_whistle_2_Happy.wav,data/MLEndHWII_sample_800/S41_whistle_2_Happy.wav,Happy,S41,whistle,2,44100,1,19.189002267573695
S42_hum_2_Friend.wav,data/MLEndHWII_sample_800/S42_hum_2_Friend.wav,Friend,S42,hum,2,44100,2,26.958367346938775
S42_whistle_1_Necessities.wav,data/MLEndHWII_sample_800/S42_whistle_1_Necessities.wav,Necessities,S42,whistle,1,44100,2,27.411156462585033
S42_whistle_1_NewYork.wav,data/MLEndHWII_sample_800/S42_whistle_1_NewYork.wav,NewYork,S42,whistle,1,44100,2,16.774126984126983
S42_whistle_1_TryEverything.wav,data/MLEndHWII_sample_800/S42_whistle_1_TryEverything.wav,TryEverything,S42,whistle,1,44100,2,33.39961451247166
S42_whistle_2_Feeling.wav,data/MLEndHWII_sample_800/S42_whistle_2_Feeling.wav,Feeling,S42,whistle,2,44100,2,26.805147392290248
S43_whistle_1_Feeling.wav,data/MLEndHWII_sample_800/S43_whistle_1_Feeling.wav,Feeling,S43,whistle,1,44100,2,21.599002267573695
S43_whistle_1_Happy.wav,data/MLEndHWII_sample_800/S43_whistle_1_Happy.wav,Happy,S43,whistle,1,44100,2,21.299002267573695
S43_whistle_1_NewYork.wav,data/MLEndHWII_sample_800/S43_whistle_1_NewYork.wav,NewYork,S43,whistle,1,44100,2,21.999002267573697
S43_whistle_1_TryEverything.wav,data/MLEndHWII_sample_800/S43_whistle_1_TryEverything.wav,TryEverything,S43,whistle,1,44100,2,21.599002267573695
S44_whistle_1_Friend.wav,data/MLEndHWII_sample_800/S44_whistle_1_Friend.wav,Friend,S44,whistle,1,44100,1,16.19145124716553
S44_whistle_1_TryEverything.wav,data/MLEndHWII_sample_800/S44_whistle_1_TryEverything.wav,TryEverything,S44,whistle,1,44100,1,17.635555555555555
S44_whistle_2_Married.wav,data/MLEndHWII_sample_800/S44_whistle_2_Married.wav,Married,S44,whistle,2,44100,1,26.82111111111111
S44_whistle_2_Necessities.wav,data/MLEndHWII_sample_800/S44_whistle_2_Necessities.wav,Necessities,S44,whistle,2,44100,1,20.014580498866213
S44_whistle_2_RememberMe.wav,data/MLEndHWII_sample_800/S44_whistle_2_RememberMe.wav,RememberMe,S44,whistle,2,44100,1,26.33984126984127
S45_hum_1_Happy.wav,data/MLEndHWII_sample_800/S45_hum_1_Happy.wav,Happy,S45,hum,1,44100,1,29.210702947845807
S45_hum_1_NewYork.wav,data/MLEndHWII_sample_800/S45_hum_1_NewYork.wav,NewYork,S45,hum,1,44100,1,20.2359410430839
S45_whistle_1_Friend.wav,data/MLEndHWII_sample_800/S45_whistle_1_Friend.wav,Friend,S45,whistle,1,44100,1,36.28857142857143
S45_whistle_1_RememberMe.wav,data/MLEndHWII_sample_800/S45_whistle_1_RememberMe.wav,RememberMe,S45,whistle,1,44100,1,35.79943310657596
S46_hum_1_Feeling.wav,data/MLEndHWII_sample_800/S46_hum_1_Feeling.wav,Feeling,S46,hum,1,44100,1,22.94843537414966
S46_hum_2_RememberMe.wav,data/MLEndHWII_sample_800/S46_hum_2_RememberMe.wav,RememberMe,S46,hum,2,44100,1,22.059092970521544
S46_hum_3_Friend.wav,data/MLEndHWII_sample_800/S46_hum_3_Friend.wav,Friend,S46,hum,3,44100,1,20.2359410430839
S46_hum_4_Necessities.wav,data/MLEndHWII_sample_800/S46_hum_4_Necessities.wav,Necessities,S46,hum,4,44100,1,17.656848072562358
S47_hum_2_NewYork.wav,data/MLEndHWII_sample_800/S47_hum_2_NewYork.wav,NewYork,S47,hum,2,44100,2,16.54482993197279
S47_whistle_1_Feeling.wav,data/MLEndHWII_sample_800/S47_whistle_1_Feeling.wav,Feeling,S47,whistle,1,44100,2,19.287687074829932
S47_whistle_1_Married.wav,data/MLEndHWII_sample_800/S47_whistle_1_Married.wav,Married,S47,whistle,1,44100,2,18.649138321995466
S47_whistle_1_TryEverything.wav,data/MLEndHWII_sample_800/S47_whistle_1_TryEverything.wav,TryEverything,S47,whistle,1,44100,2,18.721700680272107
S48_hum_1_Happy.wav,data/MLEndHWII_sample_800/S48_hum_1_Happy.wav,Happy,S48,hum,1,44100,1,18.874965986394557
S48_hum_1_RememberMe.wav,data/MLEndHWII_sample_800/S48_hum_1_RememberMe.wav,RememberMe,S48,hum,1,44100,1,20.003990929705214
S48_whistle_1_TryEverything.wav,data/MLEndHWII_sample_800/S48_whistle_1_TryEverything.wav,TryEverything,S48,whistle,1,44100,1,19.99238095238095
S48_whistle_2_Friend.wav,data/MLEndHWII_sample_800/S48_whistle_2_Friend.wav,Friend,S48,whistle,2,44100,1,20.36609977324263
S48_whistle_2_Married.wav,data/MLEndHWII_sample_800/S48_whistle_2_Married.wav,Married,S48,whistle,2,44100,1,20.038820861678005
S49_hum_1_Happy.wav,data/MLEndHWII_sample_800/S49_hum_1_Happy.wav,Happy,S49,hum,1,44100,1,23.623038548752834
S49_hum_2_TryEverything.wav,data/MLEndHWII_sample_800/S49_hum_2_TryEverything.wav,TryEverything,S49,hum,2,44100,1,32.20607709750567
S49_hum_3_Friend.wav,data/MLEndHWII_sample_800/S49_hum_3_Friend.wav,Friend,S49,hum,3,44100,1,33.7966439909297
S49_hum_4_Necessities.wav,data/MLEndHWII_sample_800/S49_hum_4_Necessities.wav,Necessities,S49,hum,4,44100,1,27.213786848072562
S49_hum_4_RememberMe.wav,data/MLEndHWII_sample_800/S49_hum_4_RememberMe.wav,RememberMe,S49,hum,4,44100,1,19.458321995464853
S4_hum_2_Necessities.wav,data/MLEndHWII_sample_800/S4_hum_2_Necessities.wav,Necessities,S4,hum,2,44100,2,30.447777777777777
S4_whistle_1_NewYork.wav,data/MLEndHWII_sample_800/S4_whistle_1_NewYork.wav,NewYork,S4,whistle,1,44100,2,19.79562358276644
S4_whistle_2_Friend.wav,data/MLEndHWII_sample_800/S4_whistle_2_Friend.wav,Friend,S4,whistle,2,44100,2,35.396530612244895
S4_whistle_2_Married.wav,data/MLEndHWII_sample_800/S4_whistle_2_Married.wav,Married,S4,whistle,2,44100,2,32.01512471655329
S50_whistle_1_NewYork.wav,data/MLEndHWII_sample_800/S50_whistle_1_NewYork.wav,NewYork,S50,whistle,1,44100,1,20.187460317460317
S50_whistle_2_Feeling.wav,data/MLEndHWII_sample_800/S50_whistle_2_Feeling.wav,Feeling,S50,whistle,2,44100,1,21.00015873015873
S50_whistle_2_Married.wav,data/MLEndHWII_sample_800/S50_whistle_2_Married.wav,Married,S50,whistle,2,44100,1,20.41965986394558
S50_whistle_2_RememberMe.wav,data/MLEndHWII_sample_800/S50_whistle_2_RememberMe.wav,RememberMe,S50,whistle,2,44100,1,20.463197278911565
S51_hum_1_Feeling.wav,data/MLEndHWII_sample_800/S51_hum_1_Feeling.wav,Feeling,S51,hum,1,44100,2,17.575215419501134
S51_hum_2_NewYork.wav,data/MLEndHWII_sample_800/S51_hum_2_NewYork.wav,NewYork,S51,hum,2,44100,2,18.141201814058956
S51_hum_2_TryEverything.wav,data/MLEndHWII_sample_800/S51_hum_2_TryEverything.wav,TryEverything,S51,hum,2,44100,2,19.998798185941045
S51_hum_3_Happy.wav,data/MLEndHWII_sample_800/S51_hum_3_Happy.wav,Happy,S51,hum,3,44100,2,20.10909297052154
S51_hum_3_RememberMe.wav,data/MLEndHWII_sample_800/S51_hum_3_RememberMe.wav,RememberMe,S51,hum,3,44100,2,22.103106575963718
S52_hum_1_NewYork.wav,data/MLEndHWII_sample_800/S52_hum_1_NewYork.wav,NewYork,S52,hum,1,44100,2,17.252426303854875
S52_hum_3_Married.wav,data/MLEndHWII_sample_800/S52_hum_3_Married.wav,Married,S52,hum,3,44100,2,22.709115646258503
S52_hum_4_Friend.wav,data/MLEndHWII_sample_800/S52_hum_4_Friend.wav,Friend,S52,hum,4,44100,2,21.490068027210885
S52_hum_4_Necessities.wav,data/MLEndHWII_sample_800/S52_hum_4_Necessities.wav,Necessities,S52,hum,4,44100,2,24.959160997732425
S53_hum_1_Necessities.wav,data/MLEndHWII_sample_800/S53_hum_1_Necessities.wav,Necessities,S53,hum,1,44100,1,16.900907029478457
S53_hum_2_NewYork.wav,data/MLEndHWII_sample_800/S53_hum_2_NewYork.wav,NewYork,S53,hum,2,44100,1,16.76750566893424
S53_whistle_1_Happy.wav,data/MLEndHWII_sample_800/S53_whistle_1_Happy.wav,Happy,S53,whistle,1,44100,1,16.41176870748299
S53_whistle_1_TryEverything.wav,data/MLEndHWII_sample_800/S53_whistle_1_TryEverything.wav,TryEverything,S53,whistle,1,44100,1,19.56893424036281
S53_whistle_2_Feeling.wav,data/MLEndHWII_sample_800/S53_whistle_2_Feeling.wav,Feeling,S53,whistle,2,44100,1,17.403356009070293
S54_hum_1_Married.wav,data/MLEndHWII_sample_800/S54_hum_1_Married.wav,Married,S54,hum,1,44100,2,17.401065759637188
S54_hum_2_Friend.wav,data/MLEndHWII_sample_800/S54_hum_2_Friend.wav,Friend,S54,hum,2,44100,2,20.811496598639454
S54_hum_2_TryEverything.wav,data/MLEndHWII_sample_800/S54_hum_2_TryEverything.wav,TryEverything,S54,hum,2,44100,2,20.187460317460317
S54_whistle_2_NewYork.wav,data/MLEndHWII_sample_800/S54_whistle_2_NewYork.wav,NewYork,S54,whistle,2,44100,2,17.61875283446712
S54_whistle_2_RememberMe.wav,data/MLEndHWII_sample_800/S54_whistle_2_RememberMe.wav,RememberMe,S54,whistle,2,44100,2,19.15707482993197
S55_hum_1_Feeling.wav,data/MLEndHWII_sample_800/S55_hum_1_Feeling.wav,Feeling,S55,hum,1,44100,1,38.600861678004534
S55_hum_2_Happy.wav,data/MLEndHWII_sample_800/S55_hum_2_Happy.wav,Happy,S55,hum,2,44100,1,28.298072562358275
S55_hum_3_TryEverything.wav,data/MLEndHWII_sample_800/S55_hum_3_TryEverything.wav,TryEverything,S55,hum,3,44100,1,33.7675283446712
S55_hum_4_Necessities.wav,data/MLEndHWII_sample_800/S55_hum_4_Necessities.wav,Necessities,S55,hum,4,44100,1,28.679002267573697
S55_hum_4_NewYork.wav,data/MLEndHWII_sample_800/S55_hum_4_NewYork.wav,NewYork,S55,hum,4,44100,1,19.304104308390023
S56_hum_1_Feeling.wav,data/MLEndHWII_sample_800/S56_hum_1_Feeling.wav,Feeling,S56,hum,1,44100,1,17.49140589569161
S56_hum_2_RememberMe.wav,data/MLEndHWII_sample_800/S56_hum_2_RememberMe.wav,RememberMe,S56,hum,2,44100,1,15.557369614512472
S56_hum_2_TryEverything.wav,data/MLEndHWII_sample_800/S56_hum_2_TryEverything.wav,TryEverything,S56,hum,2,44100,1,15.011700680272108
S56_whistle_1_Married.wav,data/MLEndHWII_sample_800/S56_whistle_1_Married.wav,Married,S56,whistle,1,44100,1,15.09437641723356
S56_whistle_2_NewYork.wav,data/MLEndHWII_sample_800/S56_whistle_2_NewYork.wav,NewYork,S56,whistle,2,44100,1,17.16748299319728
S57_hum_1_Married.wav,data/MLEndHWII_sample_800/S57_hum_1_Married.wav,Married,S57,hum,1,48000,2,18.882604166666667
S57_hum_1_Necessities.wav,data/MLEndHWII_sample_800/S57_hum_1_Necessities.wav,Necessities,S57,hum,1,48000,2,17.813541666666666
S57_hum_3_NewYork.wav,data/MLEndHWII_sample_800/S57_hum_3_NewYork.wav,NewYork,S57,hum,3,48000,2,16.770833333333332
S57_hum_4_Friend.wav,data/MLEndHWII_sample_800/S57_hum_4_Friend.wav,Friend,S57,hum,4,48000,2,16.333333333333332
S58_whistle_1_Married.wav,data/MLEndHWII_sample_800/S58_whistle_1_Married.wav,Married,S58,whistle,1,44100,2,18.9684126984127
S58_whistle_1_Necessities.wav,data/MLEndHWII_sample_800/S58_whistle_1_Necessities.wav,Necessities,S58,whistle,1,44100,2,19.345736961451248
S58_whistle_1_RememberMe.wav,data/MLEndHWII_sample_800/S58_whistle_1_RememberMe.wav,RememberMe,S58,whistle,1,44100,2,18.300839002267573
S58_whistle_2_Friend.wav,data/MLEndHWII_sample_800/S58_whistle_2_Friend.wav,Friend,S58,whistle,2,44100,2,18.59108843537415
S59_hum_1_Married.wav,data/MLEndHWII_sample_800/S59_hum_1_Married.wav,Married,S59,hum,1,44100,1,24.49705215419501
S59_hum_2_TryEverything.wav,data/MLEndHWII_sample_800/S59_hum_2_TryEverything.wav,TryEverything,S59,hum,2,44100,1,16.393265306122448
S59_hum_3_Friend.wav,data/MLEndHWII_sample_800/S59_hum_3_Friend.wav,Friend,S59,hum,3,44100,1,21.559705215419502
S59_hum_4_NewYork.wav,data/MLEndHWII_sample_800/S59_hum_4_NewYork.wav,NewYork,S59,hum,4,44100,1,23.336054421768708
S59_hum_4_RememberMe.wav,data/MLEndHWII_sample_800/S59_hum_4_RememberMe.wav,RememberMe,S59,hum,4,44100,1,21.82673469387755
S5_hum_1_RememberMe.wav,data/MLEndHWII_sample_800/S5_hum_1_RememberMe.wav,RememberMe,S5,hum,1,44100,1,20.913333333333334
S5_hum_2_Feeling.wav,data/MLEndHWII_sample_800/S5_hum_2_Feeling.wav,Feeling,S5,hum,2,44100,1,18.18498866213152
S5_whistle_1_Happy.wav,data/MLEndHWII_sample_800/S5_whistle_1_Happy.wav,Happy,S5,whistle,1,44100,1,15.544943310657596
S5_whistle_1_Married.wav,data/MLEndHWII_sample_800/S5_whistle_1_Married.wav,Married,S5,whistle,1,44100,1,17.386802721088436
S60_whistle_1_Friend.wav,data/MLEndHWII_sample_800/S60_whistle_1_Friend.wav,Friend,S60,whistle,1,44100,2,18.47498866213152
S60_whistle_1_Married.wav,data/MLEndHWII_sample_800/S60_whistle_1_Married.wav,Married,S60,whistle,1,44100,2,16.951179138321997
S60_whistle_1_TryEverything.wav,data/MLEndHWII_sample_800/S60_whistle_1_TryEverything.wav,TryEverything,S60,whistle,1,44100,2,18.60560090702948
S60_whistle_2_Necessities.wav,data/MLEndHWII_sample_800/S60_whistle_2_Necessities.wav,Necessities,S60,whistle,2,44100,2,18.2137641723356
S60_whistle_2_RememberMe.wav,data/MLEndHWII_sample_800/S60_whistle_2_RememberMe.wav,RememberMe,S60,whistle,2,44100,2,16.617392290249434
S61_hum_1_Feeling.wav,data/MLEndHWII_sample_800/S61_hum_1_Feeling.wav,Feeling,S61,hum,1,44100,1,17.839523809523808
S61_hum_1_Necessities.wav,data/MLEndHWII_sample_800/S61_hum_1_Necessities.wav,Necessities,S61,hum,1,44100,1,18.78174603174603
S61_hum_1_NewYork.wav,data/MLEndHWII_sample_800/S61_hum_1_NewYork.wav,NewYork,S61,hum,1,44100,1,17.099206349206348
S61_hum_2_Happy.wav,data/MLEndHWII_sample_800/S61_hum_2_Happy.wav,Happy,S61,hum,2,44100,1,15.349365079365079
S61_hum_2_TryEverything.wav,data/MLEndHWII_sample_800/S61_hum_2_TryEverything.wav,TryEverything,S61,hum,2,44100,1,16.156984126984128
S62_hum_1_Married.wav,data/MLEndHWII_sample_800/S62_hum_1_Married.wav,Married,S62,hum,1,44100,1,20.39761904761905
S62_hum_1_Necessities.wav,data/MLEndHWII_sample_800/S62_hum_1_Necessities.wav,Necessities,S62,hum,1,44100,1,17.389909297052153
S62_whistle_1_RememberMe.wav,data/MLEndHWII_sample_800/S62_whistle_1_RememberMe.wav,RememberMe,S62,whistle,1,44100,1,19.420113378684807
S62_whistle_2_Feeling.wav,data/MLEndHWII_sample_800/S62_whistle_2_Feeling.wav,Feeling,S62,whistle,2,44100,1,17.690680272108843
S63_hum_1_Necessities.wav,data/MLEndHWII_sample_800/S63_hum_1_Necessities.wav,Necessities,S63,hum,1,44100,1,18.983650793650792
S63_hum_2_Friend.wav,data/MLEndHWII_sample_800/S63_hum_2_Friend.wav,Friend,S63,hum,2,44100,1,21.944920634920635
S63_hum_2_TryEverything.wav,data/MLEndHWII_sample_800/S63_hum_2_TryEverything.wav,TryEverything,S63,hum,2,44100,1,33.92460317460318
S63_hum_3_Married.wav,data/MLEndHWII_sample_800/S63_hum_3_Married.wav,Married,S63,hum,3,44100,1,21.87761904761905
S63_hum_3_RememberMe.wav,data/MLEndHWII_sample_800/S63_hum_3_RememberMe.wav,RememberMe,S63,hum,3,44100,1,28.002063492063492
S64_whistle_1_Feeling.wav,data/MLEndHWII_sample_800/S64_whistle_1_Feeling.wav,Feeling,S64,whistle,1,44100,2,34.20650793650794
S64_whistle_1_Happy.wav,data/MLEndHWII_sample_800/S64_whistle_1_Happy.wav,Happy,S64,whistle,1,44100,2,23.904920634920636
S64_whistle_1_Necessities.wav,data/MLEndHWII_sample_800/S64_whistle_1_Necessities.wav,Necessities,S64,whistle,1,44100,2,27.40015873015873
S64_whistle_2_NewYork.wav,data/MLEndHWII_sample_800/S64_whistle_2_NewYork.wav,NewYork,S64,whistle,2,44100,2,16.64641723356009
S65_hum_2_Feeling.wav,data/MLEndHWII_sample_800/S65_hum_2_Feeling.wav,Feeling,S65,hum,2,44100,1,16.216848072562357
S65_hum_2_Friend.wav,data/MLEndHWII_sample_800/S65_hum_2_Friend.wav,Friend,S65,hum,2,44100,1,16.309727891156463
S65_whistle_1_RememberMe.wav,data/MLEndHWII_sample_800/S65_whistle_1_RememberMe.wav,RememberMe,S65,whistle,1,44100,1,15.592199546485261
S65_whistle_2_NewYork.wav,data/MLEndHWII_sample_800/S65_whistle_2_NewYork.wav,NewYork,S65,whistle,2,44100,1,16.216848072562357
S66_hum_2_Happy.wav,data/MLEndHWII_sample_800/S66_hum_2_Happy.wav,Happy,S66,hum,2,44100,2,17.287256235827666
S66_whistle_1_Friend.wav,data/MLEndHWII_sample_800/S66_whistle_1_Friend.wav,Friend,S66,whistle,1,44100,2,19.615668934240365
S66_whistle_1_Necessities.wav,data/MLEndHWII_sample_800/S66_whistle_1_Necessities.wav,Necessities,S66,whistle,1,44100,2,17.322086167800453
S66_whistle_1_RememberMe.wav,data/MLEndHWII_sample_800/S66_whistle_1_RememberMe.wav,RememberMe,S66,whistle,1,44100,2,18.76172335600907
S67_whistle_1_Friend.wav,data/MLEndHWII_sample_800/S67_whistle_1_Friend.wav,Friend,S67,whistle,1,44100,2,19.79562358276644
S67_whistle_1_TryEverything.wav,data/MLEndHWII_sample_800/S67_whistle_1_TryEverything.wav,TryEverything,S67,whistle,1,44100,2,17.909002267573698
S67_whistle_2_Happy.wav,data/MLEndHWII_sample_800/S67_whistle_2_Happy.wav,Happy,S67,whistle,2,44100,2,19.360249433106574
S67_whistle_2_Necessities.wav,data/MLEndHWII_sample_800/S67_whistle_2_Necessities.wav,Necessities,S67,whistle,2,44100,2,17.096303854875284
S68_hum_1_Necessities.wav,data/MLEndHWII_sample_800/S68_hum_1_Necessities.wav,Necessities,S68,hum,1,44100,2,20.085260770975058
S68_hum_2_Married.wav,data/MLEndHWII_sample_800/S68_hum_2_Married.wav,Married,S68,hum,2,44100,2,19.05548752834467
S68_hum_4_Friend.wav,data/MLEndHWII_sample_800/S68_hum_4_Friend.wav,Friend,S68,hum,4,44100,2,16.76251700680272
S68_hum_4_RememberMe.wav,data/MLEndHWII_sample_800/S68_hum_4_RememberMe.wav,RememberMe,S68,hum,4,44100,2,18.779750566893423
S69_hum_2_Friend.wav,data/MLEndHWII_sample_800/S69_hum_2_Friend.wav,Friend,S69,hum,2,44100,2,16.66092970521542
S69_hum_2_NewYork.wav,data/MLEndHWII_sample_800/S69_hum_2_NewYork.wav,NewYork,S69,hum,2,44100,2,17.096303854875284
S69_whistle_1_Happy.wav,data/MLEndHWII_sample_800/S69_whistle_1_Happy.wav,Happy,S69,whistle,1,44100,2,19.287687074829932
S69_whistle_1_TryEverything.wav,data/MLEndHWII_sample_800/S69_whistle_1_TryEverything.wav,TryEverything,S69,whistle,1,44100,2,17.61875283446712
S69_whistle_2_Necessities.wav,data/MLEndHWII_sample_800/S69_whistle_2_Necessities.wav,Necessities,S69,whistle,2,44100,2,18.358888888888888
S6_hum_1_Married.wav,data/MLEndHWII_sample_800/S6_hum_1_Married.wav,Married,S6,hum,1,44100,2,14.280249433106576
S6_hum_1_TryEverything.wav,data/MLEndHWII_sample_800/S6_hum_1_TryEverything.wav,TryEverything,S6,hum,1,44100,2,16.212585034013607
S6_whistle_1_Feeling.wav,data/MLEndHWII_sample_800/S6_whistle_1_Feeling.wav,Feeling,S6,whistle,1,44100,2,16.287551020408163
S6_whistle_2_Happy.wav,data/MLEndHWII_sample_800/S6_whistle_2_Happy.wav,Happy,S6,whistle,2,44100,2,19.960884353741495
S70_hum_3_Friend.wav,data/MLEndHWII_sample_800/S70_hum_3_Friend.wav,Friend,S70,hum,3,44100,1,18.139251700680273
S70_hum_3_Happy.wav,data/MLEndHWII_sample_800/S70_hum_3_Happy.wav,Happy,S70,hum,3,44100,1,18.20403628117914
S70_hum_3_Necessities.wav,data/MLEndHWII_sample_800/S70_hum_3_Necessities.wav,Necessities,S70,hum,3,44100,1,18.139251700680273
S70_hum_3_NewYork.wav,data/MLEndHWII_sample_800/S70_hum_3_NewYork.wav,NewYork,S70,hum,3,44100,1,18.787097505668935
S71_hum_2_Married.wav,data/MLEndHWII_sample_800/S71_hum_2_Married.wav,Married,S71,hum,2,44100,1,29.25156462585034
S71_hum_2_RememberMe.wav,data/MLEndHWII_sample_800/S71_hum_2_RememberMe.wav,RememberMe,S71,hum,2,44100,1,34.9474149659864
S71_whistle_1_Feeling.wav,data/MLEndHWII_sample_800/S71_whistle_1_Feeling.wav,Feeling,S71,whistle,1,44100,1,34.60904761904762
S71_whistle_2_NewYork.wav,data/MLEndHWII_sample_800/S71_whistle_2_NewYork.wav,NewYork,S71,whistle,2,44100,1,17.85986394557823
S72_hum_2_NewYork.wav,data/MLEndHWII_sample_800/S72_hum_2_NewYork.wav,NewYork,S72,hum,2,44100,2,17.86546485260771
S72_whistle_1_TryEverything.wav,data/MLEndHWII_sample_800/S72_whistle_1_TryEverything.wav,TryEverything,S72,whistle,1,44100,2,24.352539682539682
S72_whistle_2_Feeling.wav,data/MLEndHWII_sample_800/S72_whistle_2_Feeling.wav,Feeling,S72,whistle,2,44100,2,20.688979591836734
S72_whistle_2_Happy.wav,data/MLEndHWII_sample_800/S72_whistle_2_Happy.wav,Happy,S72,whistle,2,44100,2,16.451337868480724
S73_hum_2_Necessities.wav,data/MLEndHWII_sample_800/S73_hum_2_Necessities.wav,Necessities,S73,hum,2,44100,1,17.81532879818594
S73_hum_2_TryEverything.wav,data/MLEndHWII_sample_800/S73_hum_2_TryEverything.wav,TryEverything,S73,hum,2,44100,1,16.325283446712017
S73_hum_4_Feeling.wav,data/MLEndHWII_sample_800/S73_hum_4_Feeling.wav,Feeling,S73,hum,4,44100,1,19.175804988662133
S73_hum_4_Happy.wav,data/MLEndHWII_sample_800/S73_hum_4_Happy.wav,Happy,S73,hum,4,44100,1,20.147573696145123
S74_hum_2_Necessities.wav,data/MLEndHWII_sample_800/S74_hum_2_Necessities.wav,Necessities,S74,hum,2,44100,2,19.824648526077098
S74_whistle_1_TryEverything.wav,data/MLEndHWII_sample_800/S74_whistle_1_TryEverything.wav,TryEverything,S74,whistle,1,44100,2,15.394829931972788
S74_whistle_2_Friend.wav,data/MLEndHWII_sample_800/S74_whistle_2_Friend.wav,Friend,S74,whistle,2,44100,2,16.474557823129253
S74_whistle_2_Married.wav,data/MLEndHWII_sample_800/S74_whistle_2_Married.wav,Married,S74,whistle,2,44100,2,18.5643537414966
S74_whistle_2_NewYork.wav,data/MLEndHWII_sample_800/S74_whistle_2_NewYork.wav,NewYork,S74,whistle,2,44100,2,22.43689342403628
S75_hum_1_Married.wav,data/MLEndHWII_sample_800/S75_hum_1_Married.wav,Married,S75,hum,1,44100,2,16.123968253968254
S75_hum_2_Happy.wav,data/MLEndHWII_sample_800/S75_hum_2_Happy.wav,Happy,S75,hum,2,44100,2,15.659569160997732
S75_hum_2_TryEverything.wav,data/MLEndHWII_sample_800/S75_hum_2_TryEverything.wav,TryEverything,S75,hum,2,44100,2,15.288049886621316
S75_whistle_1_Feeling.wav,data/MLEndHWII_sample_800/S75_whistle_1_Feeling.wav,Feeling,S75,whistle,1,44100,2,16.495487528344672
S76_hum_2_Married.wav,data/MLEndHWII_sample_800/S76_hum_2_Married.wav,Married,S76,hum,2,44100,2,15.587006802721088
S76_whistle_1_Friend.wav,data/MLEndHWII_sample_800/S76_whistle_1_Friend.wav,Friend,S76,whistle,1,44100,2,15.122607709750566
S76_whistle_1_NewYork.wav,data/MLEndHWII_sample_800/S76_whistle_1_NewYork.wav,NewYork,S76,whistle,1,44100,2,17.633877551020408
S76_whistle_2_Necessities.wav,data/MLEndHWII_sample_800/S76_whistle_2_Necessities.wav,Necessities,S76,whistle,2,44100,2,17.11204081632653
S77_hum_1_Friend.wav,data/MLEndHWII_sample_800/S77_hum_1_Friend.wav,Friend,S77,hum,1,44100,2,16.2981179138322
S77_whistle_1_Happy.wav,data/MLEndHWII_sample_800/S77_whistle_1_Happy.wav,Happy,S77,whistle,1,44100,2,17.424285714285713
S77_whistle_2_Married.wav,data/MLEndHWII_sample_800/S77_whistle_2_Married.wav,Married,S77,whistle,2,44100,2,16.123968253968254
S77_whistle_2_RememberMe.wav,data/MLEndHWII_sample_800/S77_whistle_2_RememberMe.wav,RememberMe,S77,whistle,2,44100,2,15.220680272108844
S78_hum_2_RememberMe.wav,data/MLEndHWII_sample_800/S78_hum_2_RememberMe.wav,RememberMe,S78,hum,2,44100,2,27.53612244897959
S78_hum_3_Friend.wav,data/MLEndHWII_sample_800/S78_hum_3_Friend.wav,Friend,S78,hum,3,44100,2,25.021020408163267
S78_hum_4_Married.wav,data/MLEndHWII_sample_800/S78_hum_4_Married.wav,Married,S78,hum,4,44100,2,27.729591836734695
S78_hum_4_Necessities.wav,data/MLEndHWII_sample_800/S78_hum_4_Necessities.wav,Necessities,S78,hum,4,44100,2,24.214897959183673
S79_hum_1_RememberMe.wav,data/MLEndHWII_sample_800/S79_hum_1_RememberMe.wav,RememberMe,S79,hum,1,44100,2,19.142562358276646
S79_whistle_1_NewYork.wav,data/MLEndHWII_sample_800/S79_whistle_1_NewYork.wav,NewYork,S79,whistle,1,44100,2,15.166145124716554
S79_whistle_2_Feeling.wav,data/MLEndHWII_sample_800/S79_whistle_2_Feeling.wav,Feeling,S79,whistle,2,44100,2,16.718979591836735
S79_whistle_2_Happy.wav,data/MLEndHWII_sample_800/S79_whistle_2_Happy.wav,Happy,S79,whistle,2,44100,2,16.123968253968254
S7_hum_1_Feeling.wav,data/MLEndHWII_sample_800/S7_hum_1_Feeling.wav,Feeling,S7,hum,1,44100,2,18.010589569161
S7_whistle_1_Necessities.wav,data/MLEndHWII_sample_800/S7_whistle_1_Necessities.wav,Necessities,S7,whistle,1,44100,2,15.978843537414965
S7_whistle_1_NewYork.wav,data/MLEndHWII_sample_800/S7_whistle_1_NewYork.wav,NewYork,S7,whistle,1,44100,2,16.878616780045352
S7_whistle_2_Married.wav,data/MLEndHWII_sample_800/S7_whistle_2_Married.wav,Married,S7,whistle,2,44100,2,19.505374149659865
S7_whistle_2_TryEverything.wav,data/MLEndHWII_sample_800/S7_whistle_2_TryEverything.wav,TryEverything,S7,whistle,2,44100,2,19.287687074829932
S80_hum_2_Feeling.wav,data/MLEndHWII_sample_800/S80_hum_2_Feeling.wav,Feeling,S80,hum,2,48000,1,11.84
S80_hum_4_Happy.wav,data/MLEndHWII_sample_800/S80_hum_4_Happy.wav,Happy,S80,hum,4,48000,1,10.624
S80_hum_4_NewYork.wav,data/MLEndHWII_sample_800/S80_hum_4_NewYork.wav,NewYork,S80,hum,4,48000,1,10.965333333333334
S80_hum_4_TryEverything.wav,data/MLEndHWII_sample_800/S80_hum_4_TryEverything.wav,TryEverything,S80,hum,4,48000,1,21.653333333333332
S81_hum_1_Friend.wav,data/MLEndHWII_sample_800/S81_hum_1_Friend.wav,Friend,S81,hum,1,44100,1,18.14639455782313
S81_hum_1_Happy.wav,data/MLEndHWII_sample_800/S81_hum_1_Happy.wav,Happy,S81,hum,1,44100,1,28.966893424036282
S81_hum_1_RememberMe.wav,data/MLEndHWII_sample_800/S81_hum_1_RememberMe.wav,RememberMe,S81,hum,1,44100,1,18.703673469387756
S81_hum_2_NewYork.wav,data/MLEndHWII_sample_800/S81_hum_2_NewYork.wav,NewYork,S81,hum,2,44100,1,18.134784580498867
S82_hum_1_Feeling.wav,data/MLEndHWII_sample_800/S82_hum_1_Feeling.wav,Feeling,S82,hum,1,44100,2,30.578390022675737
S82_hum_1_Happy.wav,data/MLEndHWII_sample_800/S82_hum_1_Happy.wav,Happy,S82,hum,1,44100,2,23.946190476190477
S82_whistle_1_TryEverything.wav,data/MLEndHWII_sample_800/S82_whistle_1_TryEverything.wav,TryEverything,S82,whistle,1,44100,2,32.40696145124716
S82_whistle_2_Necessities.wav,data/MLEndHWII_sample_800/S82_whistle_2_Necessities.wav,Necessities,S82,whistle,2,44100,2,28.996530612244896
S82_whistle_2_NewYork.wav,data/MLEndHWII_sample_800/S82_whistle_2_NewYork.wav,NewYork,S82,whistle,2,44100,2,17.48814058956916
S83_whistle_1_Married.wav,data/MLEndHWII_sample_800/S83_whistle_1_Married.wav,Married,S83,whistle,1,44100,1,17.753673469387756
S83_whistle_1_RememberMe.wav,data/MLEndHWII_sample_800/S83_whistle_1_RememberMe.wav,RememberMe,S83,whistle,1,44100,1,21.8602947845805
S83_whistle_2_Feeling.wav,data/MLEndHWII_sample_800/S83_whistle_2_Feeling.wav,Feeling,S83,whistle,2,44100,1,17.753673469387756
S83_whistle_2_Happy.wav,data/MLEndHWII_sample_800/S83_whistle_2_Happy.wav,Happy,S83,whistle,2,44100,1,21.8602947845805
S84_whistle_1_Feeling.wav,data/MLEndHWII_sample_800/S84_whistle_1_Feeling.wav,Feeling,S84,whistle,1,44100,2,17.377845804988663
S84_whistle_1_Married.wav,data/MLEndHWII_sample_800/S84_whistle_1_Married.wav,Married,S84,whistle,1,44100,2,15.38092970521542
S84_whistle_2_Friend.wav,data/MLEndHWII_sample_800/S84_whistle_2_Friend.wav,Friend,S84,whistle,2,44100,2,16.588367346938774
S85_hum_2_Happy.wav,data/MLEndHWII_sample_800/S85_hum_2_Happy.wav,Happy,S85,hum,2,44100,2,26.703560090702947
S85_whistle_1_Feeling.wav,data/MLEndHWII_sample_800/S85_whistle_1_Feeling.wav,Feeling,S85,whistle,1,44100,2,35.71580498866213
S85_whistle_1_RememberMe.wav,data/MLEndHWII_sample_800/S85_whistle_1_RememberMe.wav,RememberMe,S85,whistle,1,44100,2,36.71716553287982
S85_whistle_2_Necessities.wav,data/MLEndHWII_sample_800/S85_whistle_2_Necessities.wav,Necessities,S85,whistle,2,44100,2,28.09675736961451
S86_hum_2_NewYork.wav,data/MLEndHWII_sample_800/S86_hum_2_NewYork.wav,NewYork,S86,hum,2,44100,2,16.74800453514739
S86_hum_3_Feeling.wav,data/MLEndHWII_sample_800/S86_hum_3_Feeling.wav,Feeling,S86,hum,3,44100,2,21.72578231292517
S86_hum_3_Happy.wav,data/MLEndHWII_sample_800/S86_hum_3_Happy.wav,Happy,S86,hum,3,44100,2,27.484331065759637
S86_hum_3_TryEverything.wav,data/MLEndHWII_sample_800/S86_hum_3_TryEverything.wav,TryEverything,S86,hum,3,44100,2,19.395079365079365
S86_hum_4_RememberMe.wav,data/MLEndHWII_sample_800/S86_hum_4_RememberMe.wav,RememberMe,S86,hum,4,44100,2,18.83138321995465
S87_whistle_1_RememberMe.wav,data/MLEndHWII_sample_800/S87_whistle_1_RememberMe.wav,RememberMe,S87,whistle,1,44100,1,15.185850340136055
S87_whistle_2_Friend.wav,data/MLEndHWII_sample_800/S87_whistle_2_Friend.wav,Friend,S87,whistle,2,44100,1,14.964807256235828
S87_whistle_2_Married.wav,data/MLEndHWII_sample_800/S87_whistle_2_Married.wav,Married,S87,whistle,2,44100,1,15.159160997732426
S87_whistle_2_NewYork.wav,data/MLEndHWII_sample_800/S87_whistle_2_NewYork.wav,NewYork,S87,whistle,2,44100,1,15.223945578231293
S88_whistle_1_Married.wav,data/MLEndHWII_sample_800/S88_whistle_1_Married.wav,Married,S88,whistle,1,44100,2,16.774126984126983
S88_whistle_1_NewYork.wav,data/MLEndHWII_sample_800/S88_whistle_1_NewYork.wav,NewYork,S88,whistle,1,44100,2,14.54501133786848
S88_whistle_1_TryEverything.wav,data/MLEndHWII_sample_800/S88_whistle_1_TryEverything.wav,TryEverything,S88,whistle,1,44100,2,14.916530612244898
S88_whistle_2_Feeling.wav,data/MLEndHWII_sample_800/S88_whistle_2_Feeling.wav,Feeling,S88,whistle,2,44100,2,16.309727891156463
S89_hum_1_Feeling.wav,data/MLEndHWII_sample_800/S89_hum_1_Feeling.wav,Feeling,S89,hum,1,44100,2,18.155714285714286
S89_hum_2_RememberMe.wav,data/MLEndHWII_sample_800/S89_hum_2_RememberMe.wav,RememberMe,S89,hum,2,44100,2,20.62283446712018
S89_whistle_2_Married.wav,data/MLEndHWII_sample_800/S89_whistle_2_Married.wav,Married,S89,whistle,2,44100,2,18.155714285714286
S89_whistle_2_Necessities.wav,data/MLEndHWII_sample_800/S89_whistle_2_Necessities.wav,Necessities,S89,whistle,2,44100,2,18.823287981859412
S8_hum_1_Feeling.wav,data/MLEndHWII_sample_800/S8_hum_1_Feeling.wav,Feeling,S8,hum,1,44100,1,17.886145124716553
S8_whistle_1_Happy.wav,data/MLEndHWII_sample_800/S8_whistle_1_Happy.wav,Happy,S8,whistle,1,44100,1,19.89950113378685
S8_whistle_1_NewYork.wav,data/MLEndHWII_sample_800/S8_whistle_1_NewYork.wav,NewYork,S8,whistle,1,44100,1,16.857687074829933
S8_whistle_1_RememberMe.wav,data/MLEndHWII_sample_800/S8_whistle_1_RememberMe.wav,RememberMe,S8,whistle,1,44100,1,21.529115646258504
S90_whistle_1_Feeling.wav,data/MLEndHWII_sample_800/S90_whistle_1_Feeling.wav,Feeling,S90,whistle,1,44100,1,15.967097505668935
S90_whistle_1_Married.wav,data/MLEndHWII_sample_800/S90_whistle_1_Married.wav,Married,S90,whistle,1,44100,1,16.4562358276644
S90_whistle_2_Necessities.wav,data/MLEndHWII_sample_800/S90_whistle_2_Necessities.wav,Necessities,S90,whistle,2,44100,1,16.723038548752836
S90_whistle_2_TryEverything.wav,data/MLEndHWII_sample_800/S90_whistle_2_TryEverything.wav,TryEverything,S90,whistle,2,44100,1,15.611360544217687
S91_hum_1_Married.wav,data/MLEndHWII_sample_800/S91_hum_1_Married.wav,Married,S91,hum,1,44100,2,16.617392290249434
S91_hum_1_RememberMe.wav,data/MLEndHWII_sample_800/S91_hum_1_RememberMe.wav,RememberMe,S91,hum,1,44100,2,19.011950113378685
S91_hum_2_Friend.wav,data/MLEndHWII_sample_800/S91_hum_2_Friend.wav,Friend,S91,hum,2,44100,2,19.287687074829932
S91_whistle_1_Necessities.wav,data/MLEndHWII_sample_800/S91_whistle_1_Necessities.wav,Necessities,S91,whistle,1,44100,2,17.60424036281179
S91_whistle_1_TryEverything.wav,data/MLEndHWII_sample_800/S91_whistle_1_TryEverything.wav,TryEverything,S91,whistle,1,44100,2,17.168866213151926
S92_hum_1_Happy.wav,data/MLEndHWII_sample_800/S92_hum_1_Happy.wav,Happy,S92,hum,1,44100,2,11.247777777777777
S92_hum_1_Necessities.wav,data/MLEndHWII_sample_800/S92_hum_1_Necessities.wav,Necessities,S92,hum,1,44100,2,17.691315192743765
S92_hum_3_Married.wav,data/MLEndHWII_sample_800/S92_hum_3_Married.wav,Married,S92,hum,3,44100,2,11.886326530612244
S92_hum_4_TryEverything.wav,data/MLEndHWII_sample_800/S92_hum_4_TryEverything.wav,TryEverything,S92,hum,4,44100,2,13.540748299319727
S93_hum_2_Married.wav,data/MLEndHWII_sample_800/S93_hum_2_Married.wav,Married,S93,hum,2,44100,1,15.011700680272108
S93_hum_2_Necessities.wav,data/MLEndHWII_sample_800/S93_hum_2_Necessities.wav,Necessities,S93,hum,2,44100,1,15.046530612244897
S93_hum_3_RememberMe.wav,data/MLEndHWII_sample_800/S93_hum_3_RememberMe.wav,RememberMe,S93,hum,3,44100,1,15.719909297052155
S93_hum_4_Friend.wav,data/MLEndHWII_sample_800/S93_hum_4_Friend.wav,Friend,S93,hum,4,44100,1,15.287437641723356
S94_hum_2_Friend.wav,data/MLEndHWII_sample_800/S94_hum_2_Friend.wav,Friend,S94,hum,2,44100,1,33.13140589569161
S94_whistle_1_Happy.wav,data/MLEndHWII_sample_800/S94_whistle_1_Happy.wav,Happy,S94,whistle,1,44100,1,31.263378684807257
S94_whistle_1_RememberMe.wav,data/MLEndHWII_sample_800/S94_whistle_1_RememberMe.wav,RememberMe,S94,whistle,1,44100,1,39.09
S94_whistle_1_TryEverything.wav,data/MLEndHWII_sample_800/S94_whistle_1_TryEverything.wav,TryEverything,S94,whistle,1,44100,1,37.207687074829934
S94_whistle_2_Married.wav,data/MLEndHWII_sample_800/S94_whistle_2_Married.wav,Married,S94,whistle,2,44100,1,31.30825396825397
S95_hum_1_Happy.wav,data/MLEndHWII_sample_800/S95_hum_1_Happy.wav,Happy,S95,hum,1,44100,2,19.577936507936506
S95_hum_1_Necessities.wav,data/MLEndHWII_sample_800/S95_hum_1_Necessities.wav,Necessities,S95,hum,1,44100,2,17.807414965986396
S95_hum_2_RememberMe.wav,data/MLEndHWII_sample_800/S95_hum_2_RememberMe.wav,RememberMe,S95,hum,2,44100,2,17.807414965986396
S95_hum_3_Feeling.wav,data/MLEndHWII_sample_800/S95_hum_3_Feeling.wav,Feeling,S95,hum,3,44100,2,18.19925170068027
S96_hum_1_Feeling.wav,data/MLEndHWII_sample_800/S96_hum_1_Feeling.wav,Feeling,S96,hum,1,44100,1,35.107460317460315
S96_hum_1_Married.wav,data/MLEndHWII_sample_800/S96_hum_1_Married.wav,Married,S96,hum,1,44100,1,28.682585034013606
S96_hum_1_NewYork.wav,data/MLEndHWII_sample_800/S96_hum_1_NewYork.wav,NewYork,S96,hum,1,44100,1,17.223786848072564
S96_hum_3_RememberMe.wav,data/MLEndHWII_sample_800/S96_hum_3_RememberMe.wav,RememberMe,S96,hum,3,44100,1,35.17820861678005
S97_hum_1_Feeling.wav,data/MLEndHWII_sample_800/S97_hum_1_Feeling.wav,Feeling,S97,hum,1,44100,1,18.58612244897959
S97_hum_1_RememberMe.wav,data/MLEndHWII_sample_800/S97_hum_1_RememberMe.wav,RememberMe,S97,hum,1,44100,1,19.60816326530612
S97_hum_1_TryEverything.wav,data/MLEndHWII_sample_800/S97_hum_1_TryEverything.wav,TryEverything,S97,hum,1,44100,1,17.94734693877551
S97_hum_3_Happy.wav,data/MLEndHWII_sample_800/S97_hum_3_Happy.wav,Happy,S97,hum,3,44100,1,15.583877551020407
S97_hum_3_NewYork.wav,data/MLEndHWII_sample_800/S97_hum_3_NewYork.wav,NewYork,S97,hum,3,44100,1,18.075102040816326
S98_whistle_1_Feeling.wav,data/MLEndHWII_sample_800/S98_whistle_1_Feeling.wav,Feeling,S98,whistle,1,44100,2,17.63326530612245
S98_whistle_1_Happy.wav,data/MLEndHWII_sample_800/S98_whistle_1_Happy.wav,Happy,S98,whistle,1,44100,2,25.876349206349207
S98_whistle_1_NewYork.wav,data/MLEndHWII_sample_800/S98_whistle_1_NewYork.wav,NewYork,S98,whistle,1,44100,2,18.030294784580498
S98_whistle_2_Necessities.wav,data/MLEndHWII_sample_800/S98_whistle_2_Necessities.wav,Necessities,S98,whistle,2,44100,2,19.04097505668934
S99_hum_2_Necessities.wav,data/MLEndHWII_sample_800/S99_hum_2_Necessities.wav,Necessities,S99,hum,2,44100,1,19.54204081632653
S99_whistle_1_TryEverything.wav,data/MLEndHWII_sample_800/S99_whistle_1_TryEverything.wav,TryEverything,S99,whistle,1,44100,1,17.322086167800453
S99_whistle_2_Feeling.wav,data/MLEndHWII_sample_800/S99_whistle_2_Feeling.wav,Feeling,S99,whistle,2,44100,1,21.10548752834467
S99_whistle_2_Happy.wav,data/MLEndHWII_sample_800/S99_whistle_2_Happy.wav,Happy,S99,whistle,2,44100,1,17.57199546485261
S9_hum_1_NewYork.wav,data/MLEndHWII_sample_800/S9_hum_1_NewYork.wav,NewYork,S9,hum,1,44100,2,17.909002267573698
S9_hum_1_TryEverything.wav,data/MLEndHWII_sample_800/S9_hum_1_TryEverything.wav,TryEverything,S9,hum,1,44100,2,35.97702947845805
S9_hum_2_Feeling.wav,data/MLEndHWII_sample_800/S9_hum_2_Feeling.wav,Feeling,S9,hum,2,44100,2,19.737573696145123
S9_hum_2_Married.wav,data/MLEndHWII_sample_800/S9_hum_2_Married.wav,Married,S9,hum,2,44100,2,18.57657596371882
